date,close
25/04/24,170.18
24/04/24,162.13
23/04/24,144.68
22/04/24,142.05
19/04/24,147.05
18/04/24,149.93
17/04/24,155.45
16/04/24,157.11
15/04/24,161.48
12/04/24,171.05
11/04/24,174.60
10/04/24,171.76
09/04/24,176.88
08/04/24,172.98
05/04/24,164.90
04/04/24,171.11
03/04/24,168.38
02/04/24,166.63
01/04/24,175.22
28/03/24,175.79
27/03/24,179.83
26/03/24,177.67
25/03/24,172.63
22/03/24,170.83
21/03/24,172.82
20/03/24,175.66
19/03/24,171.32
18/03/24,173.80
15/03/24,163.57
14/03/24,162.50
13/03/24,169.48
12/03/24,177.54
11/03/24,177.77
08/03/24,175.34
07/03/24,178.65
06/03/24,176.54
05/03/24,180.74
04/03/24,188.14
01/03/24,202.64
29/02/24,201.88
28/02/24,202.04
27/02/24,199.73
26/02/24,199.40
23/02/24,191.97
22/02/24,197.41
21/02/24,194.77
20/02/24,193.76
16/02/24,199.95
15/02/24,200.45
14/02/24,188.71
13/02/24,184.02
12/02/24,188.13
09/02/24,193.57
08/02/24,189.56
07/02/24,187.58
06/02/24,185.10
05/02/24,181.06
02/02/24,187.91
01/02/24,188.86
31/01/24,187.29
30/01/24,191.59
29/01/24,190.93
26/01/24,183.25
25/01/24,182.63
24/01/24,207.83
23/01/24,209.14
22/01/24,208.80
19/01/24,212.19
18/01/24,211.88
17/01/24,215.55
16/01/24,219.91
12/01/24,218.89
11/01/24,227.22
10/01/24,233.94
09/01/24,234.96
08/01/24,240.45
05/01/24,237.49
04/01/24,237.93
03/01/24,238.45
02/01/24,248.42
29/12/23,248.48
28/12/23,253.18
27/12/23,261.44
26/12/23,256.61
22/12/23,252.54
21/12/23,254.50
20/12/23,247.14
19/12/23,257.22
18/12/23,252.08
15/12/23,253.50
14/12/23,251.05
13/12/23,239.29
12/12/23,237.01
11/12/23,239.74
08/12/23,243.84
07/12/23,242.64
06/12/23,239.37
05/12/23,238.72
04/12/23,235.58
01/12/23,238.83
30/11/23,240.08
29/11/23,244.14
28/11/23,246.72
27/11/23,236.08
24/11/23,235.45
22/11/23,234.21
21/11/23,241.20
20/11/23,235.60
17/11/23,234.30
16/11/23,233.59
15/11/23,242.84
14/11/23,237.41
13/11/23,223.71
10/11/23,214.65
09/11/23,209.98
08/11/23,222.11
07/11/23,222.18
06/11/23,219.27
03/11/23,219.96
02/11/23,218.51
01/11/23,205.66
31/10/23,200.84
30/10/23,197.36
27/10/23,207.30
26/10/23,205.76
25/10/23,212.42
24/10/23,216.52
23/10/23,212.08
20/10/23,211.99
19/10/23,220.11
18/10/23,242.68
17/10/23,254.85
16/10/23,253.92
13/10/23,251.12
12/10/23,258.87
11/10/23,262.99
10/10/23,263.62
09/10/23,259.67
06/10/23,260.53
05/10/23,260.05
04/10/23,261.16
03/10/23,246.53
02/10/23,251.60
29/09/23,250.22
28/09/23,246.38
27/09/23,240.50
26/09/23,244.12
25/09/23,246.99
22/09/23,244.88
21/09/23,255.70
20/09/23,262.59
19/09/23,266.50
18/09/23,265.28
15/09/23,274.39
14/09/23,276.04
13/09/23,271.30
12/09/23,267.48
11/09/23,273.58
08/09/23,248.50
07/09/23,251.49
06/09/23,251.92
05/09/23,256.49
01/09/23,245.01
31/08/23,258.08
30/08/23,256.90
29/08/23,257.18
28/08/23,238.82
25/08/23,238.59
24/08/23,230.04
23/08/23,236.86
22/08/23,233.19
21/08/23,231.28
18/08/23,215.49
17/08/23,219.22
16/08/23,225.60
15/08/23,232.96
14/08/23,239.76
11/08/23,242.65
10/08/23,245.34
09/08/23,242.19
08/08/23,249.70
07/08/23,251.45
04/08/23,253.86
03/08/23,259.32
02/08/23,254.11
01/08/23,261.07
31/07/23,267.43
28/07/23,266.44
27/07/23,255.71
26/07/23,264.35
25/07/23,265.28
24/07/23,269.06
21/07/23,260.02
20/07/23,262.90
19/07/23,291.26
18/07/23,293.34
17/07/23,290.38
14/07/23,281.38
13/07/23,277.90
12/07/23,271.99
11/07/23,269.79
10/07/23,269.61
07/07/23,274.43
06/07/23,276.54
05/07/23,282.48
03/07/23,279.82
30/06/23,261.77
29/06/23,257.50
28/06/23,256.24
27/06/23,250.21
26/06/23,241.05
23/06/23,256.60
22/06/23,264.61
21/06/23,259.46
20/06/23,274.45
16/06/23,260.54
15/06/23,255.90
14/06/23,256.79
13/06/23,258.71
12/06/23,249.83
09/06/23,244.40
08/06/23,234.86
07/06/23,224.57
06/06/23,221.31
05/06/23,217.61
02/06/23,213.97
01/06/23,207.52
31/05/23,203.93
30/05/23,201.16
26/05/23,193.17
25/05/23,184.47
24/05/23,182.90
23/05/23,185.77
22/05/23,188.87
19/05/23,180.14
18/05/23,176.89
17/05/23,173.86
16/05/23,166.52
15/05/23,166.35
12/05/23,167.98
11/05/23,172.08
10/05/23,168.54
09/05/23,169.15
08/05/23,171.79
05/05/23,170.06
04/05/23,161.20
03/05/23,160.61
02/05/23,160.31
01/05/23,161.83
28/04/23,164.31
27/04/23,160.19
26/04/23,153.75
25/04/23,160.67
24/04/23,162.55
21/04/23,165.08
20/04/23,162.99
19/04/23,180.59
18/04/23,184.31
17/04/23,187.04
14/04/23,185.00
13/04/23,185.90
12/04/23,180.54
11/04/23,186.79
10/04/23,184.51
06/04/23,185.06
05/04/23,185.52
04/04/23,192.58
03/04/23,194.77
31/03/23,207.46
30/03/23,195.28
29/03/23,193.88
28/03/23,189.19
27/03/23,191.81
24/03/23,190.41
23/03/23,192.22
22/03/23,191.15
21/03/23,197.58
20/03/23,183.25
17/03/23,180.13
16/03/23,184.13
15/03/23,180.45
14/03/23,183.26
13/03/23,174.48
10/03/23,173.44
09/03/23,172.92
08/03/23,182.00
07/03/23,187.71
06/03/23,193.81
03/03/23,197.79
02/03/23,190.90
01/03/23,202.77
28/02/23,205.71
27/02/23,207.63
24/02/23,196.88
23/02/23,202.07
22/02/23,200.86
21/02/23,197.37
17/02/23,208.31
16/02/23,202.04
15/02/23,214.24
14/02/23,209.25
13/02/23,194.64
10/02/23,196.89
09/02/23,207.32
08/02/23,201.29
07/02/23,196.81
06/02/23,194.76
03/02/23,189.98
02/02/23,188.27
01/02/23,181.41
31/01/23,173.22
30/01/23,166.66
27/01/23,177.90
26/01/23,160.27
25/01/23,144.43
24/01/23,143.89
23/01/23,143.75
20/01/23,133.42
19/01/23,127.17
18/01/23,128.78
17/01/23,131.49
13/01/23,122.40
12/01/23,123.56
11/01/23,123.22
10/01/23,118.85
09/01/23,119.77
06/01/23,113.06
05/01/23,110.34
04/01/23,113.64
03/01/23,108.10
30/12/22,123.18
29/12/22,121.82
28/12/22,112.71
27/12/22,109.10
23/12/22,123.15
22/12/22,125.35
21/12/22,137.57
20/12/22,137.80
19/12/22,149.87
16/12/22,150.23
15/12/22,157.67
14/12/22,156.80
13/12/22,160.95
12/12/22,167.82
09/12/22,179.05
08/12/22,173.44
07/12/22,174.04
06/12/22,179.82
05/12/22,182.45
02/12/22,194.86
01/12/22,194.70
30/11/22,194.70
29/11/22,180.83
28/11/22,182.92
25/11/22,182.86
23/11/22,183.20
22/11/22,169.91
21/11/22,167.87
18/11/22,180.19
17/11/22,183.17
16/11/22,186.92
15/11/22,194.42
14/11/22,190.95
11/11/22,195.97
10/11/22,190.72
09/11/22,177.59
08/11/22,191.30
07/11/22,197.08
04/11/22,207.47
03/11/22,215.31
02/11/22,214.98
01/11/22,227.82
31/10/22,227.54
28/10/22,228.52
27/10/22,225.09
26/10/22,224.64
25/10/22,222.42
24/10/22,211.25
21/10/22,214.44
20/10/22,207.28
19/10/22,222.04
18/10/22,220.19
17/10/22,219.35
14/10/22,204.99
13/10/22,221.72
12/10/22,217.24
11/10/22,216.50
10/10/22,222.96
07/10/22,223.07
06/10/22,238.13
05/10/22,240.81
04/10/22,249.44
03/10/22,242.40
30/09/22,265.25
29/09/22,268.21
28/09/22,287.81
27/09/22,282.94
26/09/22,276.01
23/09/22,275.33
22/09/22,288.59
21/09/22,300.80
20/09/22,308.73
19/09/22,309.07
16/09/22,303.35
15/09/22,303.75
14/09/22,302.61
13/09/22,292.13
12/09/22,304.42
09/09/22,299.68
08/09/22,289.26
07/09/22,283.70
06/09/22,274.42
02/09/22,270.21
01/09/22,277.16
31/08/22,275.61
30/08/22,277.70
29/08/22,284.82
26/08/22,288.09
25/08/22,296.07
24/08/22,297.10
23/08/22,296.45
22/08/22,289.91
19/08/22,296.67
18/08/22,302.87
17/08/22,304.00
16/08/22,306.56
15/08/22,309.32
12/08/22,300.03
11/08/22,286.63
10/08/22,294.36
09/08/22,283.33
08/08/22,290.42
05/08/22,288.17
04/08/22,308.63
03/08/22,307.40
02/08/22,300.59
01/08/22,297.28
29/07/22,297.15
28/07/22,280.90
27/07/22,274.82
26/07/22,258.86
25/07/22,268.43
22/07/22,272.24
21/07/22,271.71
20/07/22,247.50
19/07/22,245.53
18/07/22,240.55
15/07/22,240.07
14/07/22,238.31
13/07/22,237.04
12/07/22,233.07
11/07/22,234.34
08/07/22,250.76
07/07/22,244.54
06/07/22,231.73
05/07/22,233.07
01/07/22,227.26
30/06/22,224.47
29/06/22,228.49
28/06/22,232.66
27/06/22,244.92
24/06/22,245.71
23/06/22,235.07
22/06/22,236.09
21/06/22,237.04
17/06/22,216.76
16/06/22,213.10
15/06/22,233.00
14/06/22,220.89
13/06/22,215.74
10/06/22,232.23
09/06/22,239.71
08/06/22,241.87
07/06/22,238.89
06/06/22,238.28
03/06/22,234.52
02/06/22,258.33
01/06/22,246.79
31/05/22,252.75
27/05/22,253.21
26/05/22,235.91
25/05/22,219.60
24/05/22,209.39
23/05/22,224.97
20/05/22,221.30
19/05/22,236.47
18/05/22,236.60
17/05/22,253.87
16/05/22,241.46
13/05/22,256.53
12/05/22,242.67
11/05/22,244.67
10/05/22,266.68
09/05/22,262.37
06/05/22,288.55
05/05/22,291.09
04/05/22,317.54
03/05/22,303.08
02/05/22,300.98
29/04/22,290.25
28/04/22,292.50
27/04/22,293.84
26/04/22,292.14
25/04/22,332.67
22/04/22,335.02
21/04/22,336.26
20/04/22,325.73
19/04/22,342.72
18/04/22,334.76
14/04/22,328.33
13/04/22,340.79
12/04/22,328.98
11/04/22,325.31
08/04/22,341.83
07/04/22,352.42
06/04/22,348.59
05/04/22,363.75
04/04/22,381.82
01/04/22,361.53
31/03/22,359.20
30/03/22,364.66
29/03/22,366.52
28/03/22,363.95
25/03/22,336.88
24/03/22,337.97
23/03/22,333.04
22/03/22,331.33
21/03/22,307.05
18/03/22,301.80
17/03/22,290.53
16/03/22,280.08
15/03/22,267.30
14/03/22,255.46
11/03/22,265.12
10/03/22,279.43
09/03/22,286.32
08/03/22,274.80
07/03/22,268.19
04/03/22,279.43
03/03/22,279.76
02/03/22,293.30
01/03/22,288.12
28/02/22,290.14
25/02/22,269.96
24/02/22,266.92
23/02/22,254.68
22/02/22,273.84
18/02/22,285.66
17/02/22,292.12
16/02/22,307.80
15/02/22,307.48
14/02/22,291.92
11/02/22,286.67
10/02/22,301.52
09/02/22,310.67
08/02/22,307.33
07/02/22,302.45
04/02/22,307.77
03/02/22,297.05
02/02/22,301.89
01/02/22,310.42
31/01/22,312.24
28/01/22,282.12
27/01/22,276.37
26/01/22,312.47
25/01/22,306.13
24/01/22,310.00
21/01/22,314.63
20/01/22,332.09
19/01/22,331.88
18/01/22,343.50
14/01/22,349.87
13/01/22,343.85
12/01/22,368.74
11/01/22,354.80
10/01/22,352.71
07/01/22,342.32
06/01/22,354.90
05/01/22,362.71
04/01/22,383.20
03/01/22,399.93
31/12/21,352.26
30/12/21,356.78
29/12/21,362.06
28/12/21,362.82
27/12/21,364.65
23/12/21,355.67
22/12/21,336.29
21/12/21,312.84
20/12/21,299.98
17/12/21,310.86
16/12/21,308.97
15/12/21,325.33
14/12/21,319.50
13/12/21,322.14
10/12/21,339.01
09/12/21,334.60
08/12/21,356.32
07/12/21,350.58
06/12/21,336.34
03/12/21,338.32
02/12/21,361.53
01/12/21,365.00
30/11/21,381.59
29/11/21,379.00
26/11/21,360.64
24/11/21,372.00
23/11/21,369.68
22/11/21,385.62
19/11/21,379.02
18/11/21,365.46
17/11/21,363.00
16/11/21,351.58
15/11/21,337.80
12/11/21,344.47
11/11/21,354.50
10/11/21,355.98
09/11/21,341.17
08/11/21,387.65
05/11/21,407.36
04/11/21,409.97
03/11/21,404.62
02/11/21,390.67
01/11/21,402.86
29/10/21,371.33
28/10/21,359.01
27/10/21,345.95
26/10/21,339.48
25/10/21,341.62
22/10/21,303.23
21/10/21,298.00
20/10/21,288.60
19/10/21,288.09
18/10/21,290.04
15/10/21,281.01
14/10/21,272.77
13/10/21,270.36
12/10/21,268.57
11/10/21,263.98
08/10/21,261.83
07/10/21,264.54
06/10/21,260.92
05/10/21,260.20
04/10/21,260.51
01/10/21,258.41
30/09/21,258.49
29/09/21,260.44
28/09/21,259.19
27/09/21,263.79
24/09/21,258.13
23/09/21,251.21
22/09/21,250.65
21/09/21,246.46
20/09/21,243.39
17/09/21,253.16
16/09/21,252.33
15/09/21,251.94
14/09/21,248.16
13/09/21,247.67
10/09/21,245.42
09/09/21,251.62
08/09/21,251.29
07/09/21,250.97
03/09/21,244.52
02/09/21,244.13
01/09/21,244.70
31/08/21,245.24
30/08/21,243.64
27/08/21,237.31
26/08/21,233.72
25/08/21,237.07
24/08/21,236.16
23/08/21,235.43
20/08/21,226.75
19/08/21,224.49
18/08/21,229.66
17/08/21,221.90
16/08/21,228.72
13/08/21,239.06
12/08/21,240.75
11/08/21,235.94
10/08/21,236.66
09/08/21,237.92
06/08/21,233.03
05/08/21,238.21
04/08/21,236.97
03/08/21,236.58
02/08/21,236.56
30/07/21,229.07
29/07/21,225.78
28/07/21,215.66
27/07/21,214.93
26/07/21,219.21
23/07/21,214.46
22/07/21,216.42
21/07/21,218.43
20/07/21,220.17
19/07/21,215.41
16/07/21,214.74
15/07/21,216.87
14/07/21,217.79
13/07/21,222.85
12/07/21,228.57
09/07/21,218.98
08/07/21,217.60
07/07/21,214.88
06/07/21,219.86
02/07/21,226.30
01/07/21,225.97
30/06/21,226.57
29/06/21,226.92
28/06/21,229.57
25/06/21,223.96
24/06/21,226.61
23/06/21,218.86
22/06/21,207.90
21/06/21,206.94
18/06/21,207.77
17/06/21,205.53
16/06/21,201.62
15/06/21,199.79
14/06/21,205.90
11/06/21,203.30
10/06/21,203.37
09/06/21,199.59
08/06/21,201.20
07/06/21,201.71
04/06/21,199.68
03/06/21,190.95
02/06/21,201.71
01/06/21,207.97
28/05/21,208.41
27/05/21,210.28
26/05/21,206.38
25/05/21,201.56
24/05/21,202.15
21/05/21,193.63
20/05/21,195.59
19/05/21,187.82
18/05/21,192.62
17/05/21,192.28
14/05/21,196.58
13/05/21,190.56
12/05/21,196.63
11/05/21,205.73
10/05/21,209.68
07/05/21,224.12
06/05/21,221.18
05/05/21,223.65
04/05/21,224.53
03/05/21,228.30
30/04/21,236.48
29/04/21,225.67
28/04/21,231.47
27/04/21,234.91
26/04/21,246.07
23/04/21,243.13
22/04/21,239.90
21/04/21,248.04
20/04/21,239.66
19/04/21,238.21
16/04/21,246.59
15/04/21,246.28
14/04/21,244.08
13/04/21,254.11
12/04/21,233.99
09/04/21,225.67
08/04/21,227.93
07/04/21,223.66
06/04/21,230.54
05/04/21,230.35
01/04/21,220.58
31/03/21,222.64
30/03/21,211.87
29/03/21,203.76
26/03/21,206.24
25/03/21,213.46
24/03/21,210.09
23/03/21,220.72
22/03/21,223.33
19/03/21,218.29
18/03/21,217.72
17/03/21,233.94
16/03/21,225.63
15/03/21,235.98
12/03/21,231.24
11/03/21,233.20
10/03/21,222.69
09/03/21,224.53
08/03/21,187.67
05/03/21,199.32
04/03/21,207.15
03/03/21,217.73
02/03/21,228.81
01/03/21,239.48
26/02/21,225.17
25/02/21,227.41
24/02/21,247.34
23/02/21,232.95
22/02/21,238.17
19/02/21,260.43
18/02/21,262.46
17/02/21,266.05
16/02/21,265.41
12/02/21,272.04
11/02/21,270.55
10/02/21,268.27
09/02/21,283.15
08/02/21,287.81
05/02/21,284.08
04/02/21,283.33
03/02/21,284.90
02/02/21,290.93
01/02/21,279.94
29/01/21,264.51
28/01/21,278.48
27/01/21,288.05
26/01/21,294.36
25/01/21,293.60
22/01/21,282.21
21/01/21,281.66
20/01/21,283.48
19/01/21,281.52
15/01/21,275.39
14/01/21,281.67
13/01/21,284.80
12/01/21,283.15
11/01/21,270.40
08/01/21,293.34
07/01/21,272.01
06/01/21,251.99
05/01/21,245.04
04/01/21,243.26
31/12/20,235.22
30/12/20,231.59
29/12/20,222.00
28/12/20,221.23
24/12/20,220.59
23/12/20,215.33
22/12/20,213.45
21/12/20,216.62
18/12/20,231.67
17/12/20,218.63
16/12/20,207.59
15/12/20,211.08
14/12/20,213.28
11/12/20,203.33
10/12/20,209.02
09/12/20,201.49
08/12/20,216.63
07/12/20,213.92
04/12/20,199.68
03/12/20,197.79
02/12/20,189.61
01/12/20,194.92
30/11/20,189.20
27/11/20,195.25
25/11/20,191.33
24/11/20,185.13
23/11/20,173.95
20/11/20,163.20
19/11/20,166.42
18/11/20,162.21
17/11/20,147.20
16/11/20,136.03
13/11/20,136.17
12/11/20,137.25
11/11/20,139.04
10/11/20,136.79
09/11/20,140.42
06/11/20,143.32
05/11/20,146.03
04/11/20,140.33
03/11/20,141.30
02/11/20,133.50
30/10/20,129.35
29/10/20,136.94
28/10/20,135.34
27/10/20,141.56
26/10/20,140.09
23/10/20,140.21
22/10/20,141.93
21/10/20,140.88
20/10/20,140.65
19/10/20,143.61
16/10/20,146.56
15/10/20,149.63
14/10/20,153.77
13/10/20,148.88
12/10/20,147.43
09/10/20,144.67
08/10/20,141.97
07/10/20,141.77
06/10/20,137.99
05/10/20,141.89
02/10/20,138.36
01/10/20,149.39
30/09/20,143.00
29/09/20,139.69
28/09/20,140.40
25/09/20,135.78
24/09/20,129.26
23/09/20,126.79
22/09/20,141.41
21/09/20,149.80
18/09/20,147.38
17/09/20,141.14
16/09/20,147.25
15/09/20,149.92
14/09/20,139.87
11/09/20,124.24
10/09/20,123.78
09/09/20,122.09
08/09/20,110.07
04/09/20,139.44
03/09/20,135.67
02/09/20,149.12
01/09/20,158.35
31/08/20,166.11
28/08/20,147.56
27/08/20,149.25
26/08/20,143.54
25/08/20,134.89
24/08/20,134.28
21/08/20,136.67
20/08/20,133.46
19/08/20,125.24
18/08/20,125.81
17/08/20,122.38
14/08/20,110.05
13/08/20,108.07
12/08/20,103.65
11/08/20,91.63
10/08/20,94.57
07/08/20,96.85
06/08/20,99.31
05/08/20,99.00
04/08/20,99.13
03/08/20,99.00
31/07/20,95.38
30/07/20,99.17
29/07/20,99.94
28/07/20,98.43
27/07/20,102.64
24/07/20,94.47
23/07/20,100.87
22/07/20,106.16
21/07/20,104.56
20/07/20,109.53
17/07/20,100.06
16/07/20,100.04
15/07/20,103.07
14/07/20,101.12
13/07/20,99.80
10/07/20,102.98
09/07/20,92.95
08/07/20,91.06
07/07/20,92.66
06/07/20,91.44
02/07/20,80.58
01/07/20,74.64
30/06/20,71.99
29/06/20,67.29
26/06/20,63.98
25/06/20,65.73
24/06/20,64.06
23/06/20,66.79
22/06/20,66.29
19/06/20,66.73
18/06/20,66.93
17/06/20,66.12
16/06/20,65.48
15/06/20,66.06
12/06/20,62.35
11/06/20,64.86
10/06/20,68.34
09/06/20,62.71
08/06/20,63.33
05/06/20,59.04
04/06/20,57.63
03/06/20,58.86
02/06/20,58.77
01/06/20,59.87
29/05/20,55.67
28/05/20,53.72
27/05/20,54.68
26/05/20,54.59
22/05/20,54.46
21/05/20,55.17
20/05/20,54.37
19/05/20,53.87
18/05/20,54.24
15/05/20,53.28
14/05/20,53.56
13/05/20,52.73
12/05/20,53.96
11/05/20,54.09
08/05/20,54.63
07/05/20,52.00
06/05/20,52.17
05/05/20,51.21
04/05/20,50.75
01/05/20,46.75
30/04/20,52.13
29/04/20,53.37
28/04/20,51.27
27/04/20,53.25
24/04/20,48.34
23/04/20,47.04
22/04/20,48.81
21/04/20,45.78
20/04/20,49.76
17/04/20,50.26
16/04/20,49.68
15/04/20,48.66
14/04/20,47.33
13/04/20,43.40
09/04/20,38.20
08/04/20,36.59
07/04/20,36.36
06/04/20,34.42
03/04/20,32.00
02/04/20,30.30
01/04/20,32.10
31/03/20,34.93
30/03/20,33.48
27/03/20,34.29
26/03/20,35.21
25/03/20,35.95
24/03/20,33.67
23/03/20,28.95
20/03/20,28.50
19/03/20,28.51
18/03/20,24.08
17/03/20,28.68
16/03/20,29.67
13/03/20,36.44
12/03/20,37.37
11/03/20,42.28
10/03/20,43.02
09/03/20,40.53
06/03/20,46.90
05/03/20,48.30
04/03/20,49.97
03/03/20,49.70
02/03/20,49.57
28/02/20,44.53
27/02/20,45.27
26/02/20,51.92
25/02/20,53.33
24/02/20,55.59
21/02/20,60.07
20/02/20,59.96
19/02/20,61.16
18/02/20,57.23
14/02/20,53.34
13/02/20,53.60
12/02/20,51.15
11/02/20,51.63
10/02/20,51.42
07/02/20,49.87
06/02/20,49.93
05/02/20,48.98
04/02/20,59.14
03/02/20,52.00
31/01/20,43.37
30/01/20,42.72
29/01/20,38.73
28/01/20,37.79
27/01/20,37.20
24/01/20,37.65
23/01/20,38.15
22/01/20,37.97
21/01/20,36.48
17/01/20,34.03
16/01/20,34.23
15/01/20,34.57
14/01/20,35.86
13/01/20,34.99
10/01/20,31.88
09/01/20,32.09
08/01/20,32.81
07/01/20,31.27
06/01/20,30.10
03/01/20,29.53
02/01/20,28.68
31/12/19,27.89
30/12/19,27.65
27/12/19,28.69
26/12/19,28.73
24/12/19,28.35
23/12/19,27.95
20/12/19,27.04
19/12/19,26.94
18/12/19,26.21
17/12/19,25.27
16/12/19,25.43
13/12/19,23.89
12/12/19,23.98
11/12/19,23.51
10/12/19,23.26
09/12/19,22.64
06/12/19,22.39
05/12/19,22.02
04/12/19,22.20
03/12/19,22.41
02/12/19,22.32
29/11/19,22.00
27/11/19,22.09
26/11/19,21.93
25/11/19,22.42
22/11/19,22.20
21/11/19,23.66
20/11/19,23.48
19/11/19,23.97
18/11/19,23.33
15/11/19,23.48
14/11/19,23.29
13/11/19,23.07
12/11/19,23.33
11/11/19,23.01
08/11/19,22.48
07/11/19,22.37
06/11/19,21.77
05/11/19,21.15
04/11/19,21.16
01/11/19,20.89
31/10/19,20.99
30/10/19,21.00
29/10/19,21.08
28/10/19,21.85
25/10/19,21.88
24/10/19,19.98
23/10/19,16.98
22/10/19,17.04
21/10/19,16.90
18/10/19,17.13
17/10/19,17.46
16/10/19,17.32
15/10/19,17.19
14/10/19,17.13
11/10/19,16.53
10/10/19,16.32
09/10/19,16.30
08/10/19,16.00
07/10/19,15.85
04/10/19,15.43
03/10/19,15.54
02/10/19,16.21
01/10/19,16.31
30/09/19,16.06
27/09/19,16.14
26/09/19,16.17
25/09/19,15.25
24/09/19,14.88
23/09/19,16.08
20/09/19,16.04
19/09/19,16.44
18/09/19,16.23
17/09/19,16.32
16/09/19,16.19
13/09/19,16.35
12/09/19,16.39
11/09/19,16.47
10/09/19,15.70
09/09/19,15.45
06/09/19,15.16
05/09/19,15.31
04/09/19,14.71
03/09/19,15.00
30/08/19,15.04
29/08/19,14.78
28/08/19,14.37
27/08/19,14.27
26/08/19,14.33
23/08/19,14.09
22/08/19,14.81
21/08/19,14.72
20/08/19,15.06
19/08/19,15.12
16/08/19,14.66
15/08/19,14.38
14/08/19,14.64
13/08/19,15.67
12/08/19,15.27
09/08/19,15.67
08/08/19,15.89
07/08/19,15.56
06/08/19,15.38
05/08/19,15.22
02/08/19,15.62
01/08/19,15.59
31/07/19,16.11
30/07/19,16.15
29/07/19,15.72
26/07/19,15.20
25/07/19,15.25
24/07/19,17.66
23/07/19,17.34
22/07/19,17.05
19/07/19,17.21
18/07/19,16.90
17/07/19,16.99
16/07/19,16.83
15/07/19,16.90
12/07/19,16.34
11/07/19,15.91
10/07/19,15.93
09/07/19,15.34
08/07/19,15.36
05/07/19,15.54
03/07/19,15.66
02/07/19,14.97
01/07/19,15.14
28/06/19,14.90
27/06/19,14.86
26/06/19,14.62
25/06/19,14.65
24/06/19,14.91
21/06/19,14.79
20/06/19,14.64
19/06/19,15.10
18/06/19,14.98
17/06/19,15.00
14/06/19,14.33
13/06/19,14.26
12/06/19,13.95
11/06/19,14.47
10/06/19,14.19
07/06/19,13.63
06/06/19,13.73
05/06/19,13.11
04/06/19,12.91
03/06/19,11.93
31/05/19,12.34
30/05/19,12.55
29/05/19,12.66
28/05/19,12.58
24/05/19,12.71
23/05/19,13.03
22/05/19,12.85
21/05/19,13.67
20/05/19,13.69
17/05/19,14.07
16/05/19,15.22
15/05/19,15.46
14/05/19,15.49
13/05/19,15.13
10/05/19,15.97
09/05/19,16.13
08/05/19,16.32
07/05/19,16.47
06/05/19,17.02
03/05/19,17.00
02/05/19,16.27
01/05/19,15.60
30/04/19,15.91
29/04/19,16.10
26/04/19,15.68
25/04/19,16.51
24/04/19,17.24
23/04/19,17.59
22/04/19,17.52
18/04/19,18.22
17/04/19,18.08
16/04/19,18.22
15/04/19,17.76
12/04/19,17.85
11/04/19,17.89
10/04/19,18.40
09/04/19,18.15
08/04/19,18.21
05/04/19,18.33
04/04/19,17.85
03/04/19,19.45
02/04/19,19.06
01/04/19,19.28
29/03/19,18.66
28/03/19,18.57
27/03/19,18.32
26/03/19,17.85
25/03/19,17.36
22/03/19,17.64
21/03/19,18.27
20/03/19,18.24
19/03/19,17.83
18/03/19,17.97
15/03/19,18.36
14/03/19,19.33
13/03/19,19.26
12/03/19,18.89
11/03/19,19.39
08/03/19,18.94
07/03/19,18.44
06/03/19,18.42
05/03/19,18.44
04/03/19,19.02
01/03/19,19.65
28/02/19,21.33
27/02/19,20.98
26/02/19,19.86
25/02/19,19.92
22/02/19,19.65
21/02/19,19.42
20/02/19,20.17
19/02/19,20.38
15/02/19,20.53
14/02/19,20.25
13/02/19,20.54
12/02/19,20.79
11/02/19,20.86
08/02/19,20.39
07/02/19,20.50
06/02/19,21.15
05/02/19,21.42
04/02/19,20.86
01/02/19,20.81
31/01/19,20.47
30/01/19,20.58
29/01/19,19.83
28/01/19,19.76
25/01/19,19.80
24/01/19,19.43
23/01/19,19.17
22/01/19,19.93
18/01/19,20.15
17/01/19,23.15
16/01/19,23.07
15/01/19,22.96
14/01/19,22.29
11/01/19,23.15
10/01/19,23.00
09/01/19,22.57
08/01/19,22.36
07/01/19,22.33
04/01/19,21.18
03/01/19,20.02
02/01/19,20.67
31/12/18,22.19
28/12/18,22.26
27/12/18,21.08
26/12/18,21.74
24/12/18,19.69
21/12/18,21.32
20/12/18,21.03
19/12/18,22.20
18/12/18,22.47
17/12/18,23.23
14/12/18,24.38
13/12/18,25.12
12/12/18,24.44
11/12/18,24.45
10/12/18,24.34
07/12/18,23.86
06/12/18,24.20
04/12/18,23.98
03/12/18,23.90
30/11/18,23.37
29/11/18,22.74
28/11/18,23.19
27/11/18,22.93
26/11/18,23.07
23/11/18,21.72
21/11/18,22.55
20/11/18,23.17
19/11/18,23.56
16/11/18,23.62
15/11/18,23.23
14/11/18,22.93
13/11/18,22.58
12/11/18,22.09
09/11/18,23.37
08/11/18,23.43
07/11/18,23.21
06/11/18,22.74
05/11/18,22.76
02/11/18,23.09
01/11/18,22.95
31/10/18,22.49
30/10/18,21.99
29/10/18,22.32
26/10/18,22.06
25/10/18,20.99
24/10/18,19.23
23/10/18,19.61
22/10/18,17.40
19/10/18,17.33
18/10/18,17.59
17/10/18,18.12
16/10/18,18.44
15/10/18,17.31
12/10/18,17.25
11/10/18,16.82
10/10/18,17.13
09/10/18,17.52
08/10/18,16.70
05/10/18,17.46
04/10/18,18.79
03/10/18,19.65
02/10/18,20.07
01/10/18,20.71
28/09/18,17.65
27/09/18,20.50
26/09/18,20.64
25/09/18,20.07
24/09/18,19.98
21/09/18,19.94
20/09/18,19.89
19/09/18,19.93
18/09/18,19.00
17/09/18,19.66
14/09/18,19.68
13/09/18,19.30
12/09/18,19.37
11/09/18,18.63
10/09/18,19.03
07/09/18,17.55
06/09/18,18.73
05/09/18,18.72
04/09/18,19.26
31/08/18,20.11
30/08/18,20.21
29/08/18,20.33
28/08/18,20.79
27/08/18,21.28
24/08/18,21.52
23/08/18,21.34
22/08/18,21.44
21/08/18,21.46
20/08/18,20.56
17/08/18,20.37
16/08/18,22.36
15/08/18,22.58
14/08/18,23.18
13/08/18,23.76
10/08/18,23.70
09/08/18,23.50
08/08/18,24.69
07/08/18,25.30
06/08/18,22.80
03/08/18,23.21
02/08/18,23.30
01/08/18,20.06
31/07/18,19.88
30/07/18,19.34
27/07/18,19.81
26/07/18,20.44
25/07/18,20.58
24/07/18,19.83
23/07/18,20.21
20/07/18,20.91
19/07/18,21.35
18/07/18,21.59
17/07/18,21.51
16/07/18,20.67
13/07/18,21.26
12/07/18,21.11
11/07/18,21.26
10/07/18,21.50
09/07/18,21.23
06/07/18,20.59
05/07/18,20.61
03/07/18,20.72
02/07/18,22.34
29/06/18,22.86
28/06/18,23.33
27/06/18,22.97
26/06/18,22.80
25/06/18,22.20
22/06/18,22.24
21/06/18,23.17
20/06/18,24.15
19/06/18,23.50
18/06/18,24.72
15/06/18,23.88
14/06/18,23.85
13/06/18,22.99
12/06/18,22.85
11/06/18,22.14
08/06/18,21.18
07/06/18,21.07
06/06/18,21.30
05/06/18,19.41
04/06/18,19.78
01/06/18,19.45
31/05/18,18.98
30/05/18,19.45
29/05/18,18.92
25/05/18,18.59
24/05/18,18.52
23/05/18,18.60
22/05/18,18.33
21/05/18,18.97
18/05/18,18.45
17/05/18,18.97
16/05/18,19.10
15/05/18,18.95
14/05/18,19.46
11/05/18,20.07
10/05/18,20.33
09/05/18,20.46
08/05/18,20.13
07/05/18,20.18
04/05/18,19.61
03/05/18,18.96
02/05/18,20.08
01/05/18,19.99
30/04/18,19.59
27/04/18,19.61
26/04/18,19.03
25/04/18,18.71
24/04/18,18.90
23/04/18,18.89
20/04/18,19.35
19/04/18,20.01
18/04/18,19.56
17/04/18,19.18
16/04/18,19.41
13/04/18,20.02
12/04/18,19.61
11/04/18,20.06
10/04/18,20.31
09/04/18,19.31
06/04/18,19.95
05/04/18,20.38
04/04/18,19.13
03/04/18,17.84
02/04/18,16.83
29/03/18,17.74
28/03/18,17.19
27/03/18,18.61
26/03/18,20.28
23/03/18,20.10
22/03/18,20.61
21/03/18,21.10
20/03/18,20.70
19/03/18,20.90
16/03/18,21.42
15/03/18,21.71
14/03/18,21.78
13/03/18,22.79
12/03/18,23.03
09/03/18,21.81
08/03/18,21.94
07/03/18,22.15
06/03/18,21.88
05/03/18,22.22
02/03/18,22.34
01/03/18,22.06
28/02/18,22.87
27/02/18,23.40
26/02/18,23.83
23/02/18,23.47
22/02/18,23.08
21/02/18,22.22
20/02/18,22.32
16/02/18,22.37
15/02/18,22.27
14/02/18,21.49
13/02/18,21.58
12/02/18,21.05
09/02/18,20.69
08/02/18,21.02
07/02/18,23.00
06/02/18,22.26
05/02/18,22.21
02/02/18,22.92
01/02/18,23.28
31/01/18,23.62
30/01/18,23.05
29/01/18,23.30
26/01/18,22.86
25/01/18,22.51
24/01/18,23.06
23/01/18,23.52
22/01/18,23.44
19/01/18,23.33
18/01/18,22.97
17/01/18,23.14
16/01/18,22.67
12/01/18,22.41
11/01/18,22.53
10/01/18,22.32
09/01/18,22.25
08/01/18,22.43
05/01/18,21.11
04/01/18,20.97
03/01/18,21.15
02/01/18,21.37
29/12/17,20.76
28/12/17,21.02
27/12/17,20.78
26/12/17,21.15
22/12/17,21.68
21/12/17,22.11
20/12/17,21.93
19/12/17,22.07
18/12/17,22.59
15/12/17,22.90
14/12/17,22.53
13/12/17,22.60
12/12/17,22.74
11/12/17,21.93
08/12/17,21.01
07/12/17,20.75
06/12/17,20.88
05/12/17,20.25
04/12/17,20.35
01/12/17,20.44
30/11/17,20.59
29/11/17,20.50
28/11/17,21.17
27/11/17,21.12
24/11/17,21.04
22/11/17,20.84
21/11/17,21.19
20/11/17,20.58
17/11/17,21.00
16/11/17,20.83
15/11/17,20.75
14/11/17,20.58
13/11/17,21.03
10/11/17,20.20
09/11/17,20.20
08/11/17,20.29
07/11/17,20.40
06/11/17,20.19
03/11/17,20.41
02/11/17,19.95
01/11/17,21.41
31/10/17,22.10
30/10/17,21.34
27/10/17,21.39
26/10/17,21.74
25/10/17,21.72
24/10/17,22.49
23/10/17,22.47
20/10/17,23.01
19/10/17,23.45
18/10/17,23.98
17/10/17,23.72
16/10/17,23.37
13/10/17,23.70
12/10/17,23.71
11/10/17,23.64
10/10/17,23.71
09/10/17,22.86
06/10/17,23.79
05/10/17,23.69
04/10/17,23.67
03/10/17,23.21
02/10/17,22.77
29/09/17,22.74
28/09/17,22.64
27/09/17,22.73
26/09/17,23.02
25/09/17,23.00
22/09/17,23.41
21/09/17,24.43
20/09/17,24.93
19/09/17,25.01
18/09/17,25.67
15/09/17,25.32
14/09/17,25.18
13/09/17,24.42
12/09/17,24.18
11/09/17,24.25
08/09/17,22.89
07/09/17,23.37
06/09/17,22.97
05/09/17,23.31
01/09/17,23.69
31/08/17,23.73
30/08/17,23.55
29/08/17,23.16
28/08/17,23.04
25/08/17,23.20
24/08/17,23.53
23/08/17,23.52
22/08/17,22.76
21/08/17,22.52
18/08/17,23.16
17/08/17,23.46
16/08/17,24.19
15/08/17,24.16
14/08/17,24.25
11/08/17,23.86
10/08/17,23.69
09/08/17,24.24
08/08/17,24.35
07/08/17,23.68
04/08/17,23.79
03/08/17,23.14
02/08/17,21.73
01/08/17,21.30
31/07/17,21.56
28/07/17,22.34
27/07/17,22.30
26/07/17,22.92
25/07/17,22.64
24/07/17,22.83
21/07/17,21.89
20/07/17,21.99
19/07/17,21.68
18/07/17,21.88
17/07/17,21.30
14/07/17,21.85
13/07/17,21.56
12/07/17,21.97
11/07/17,21.81
10/07/17,21.07
07/07/17,20.88
06/07/17,20.59
05/07/17,21.81
03/07/17,23.51
30/06/17,24.11
29/06/17,24.05
28/06/17,24.75
27/06/17,24.16
26/06/17,25.17
23/06/17,25.56
22/06/17,25.51
21/06/17,25.09
20/06/17,24.82
19/06/17,24.65
16/06/17,24.76
15/06/17,25.02
14/06/17,25.38
13/06/17,25.06
12/06/17,23.93
09/06/17,23.82
08/06/17,24.67
07/06/17,23.98
06/06/17,23.52
05/06/17,23.15
02/06/17,22.66
01/06/17,22.69
31/05/17,22.73
30/05/17,22.34
26/05/17,21.68
25/05/17,21.12
24/05/17,20.68
23/05/17,20.26
22/05/17,20.69
19/05/17,20.72
18/05/17,20.87
17/05/17,20.41
16/05/17,21.13
15/05/17,21.06
12/05/17,21.65
11/05/17,21.54
10/05/17,21.68
09/05/17,21.42
08/05/17,20.48
05/05/17,20.56
04/05/17,19.70
03/05/17,20.73
02/05/17,21.26
01/05/17,21.52
28/04/17,20.94
27/04/17,20.58
26/04/17,20.68
25/04/17,20.92
24/04/17,20.54
21/04/17,20.37
20/04/17,20.17
19/04/17,20.37
18/04/17,20.02
17/04/17,20.10
13/04/17,20.27
12/04/17,19.79
11/04/17,20.58
10/04/17,20.83
07/04/17,20.17
06/04/17,19.91
05/04/17,19.67
04/04/17,20.25
03/04/17,19.90
31/03/17,18.55
30/03/17,18.53
29/03/17,18.49
28/03/17,18.50
27/03/17,18.01
24/03/17,17.54
23/03/17,16.99
22/03/17,17.00
21/03/17,16.71
20/03/17,17.46
17/03/17,17.43
16/03/17,17.47
15/03/17,17.05
14/03/17,17.20
13/03/17,16.41
10/03/17,16.25
09/03/17,16.33
08/03/17,16.46
07/03/17,16.57
06/03/17,16.75
03/03/17,16.77
02/03/17,16.70
01/03/17,16.67
28/02/17,16.67
27/02/17,16.42
24/02/17,17.13
23/02/17,17.07
22/02/17,18.23
21/02/17,18.49
17/02/17,18.15
16/02/17,17.93
15/02/17,18.65
14/02/17,18.73
13/02/17,18.71
10/02/17,17.95
09/02/17,17.95
08/02/17,17.47
07/02/17,17.17
06/02/17,17.18
03/02/17,16.76
02/02/17,16.77
01/02/17,16.62
31/01/17,16.80
30/01/17,16.71
27/01/17,16.86
26/01/17,16.83
25/01/17,16.96
24/01/17,16.97
23/01/17,16.59
20/01/17,16.32
19/01/17,16.25
18/01/17,15.89
17/01/17,15.71
13/01/17,15.85
12/01/17,15.31
11/01/17,15.32
10/01/17,15.32
09/01/17,15.42
06/01/17,15.27
05/01/17,15.12
04/01/17,15.13
03/01/17,14.47
30/12/16,14.25
29/12/16,14.31
28/12/16,14.65
27/12/16,14.64
23/12/16,14.22
22/12/16,13.90
21/12/16,13.85
20/12/16,13.92
19/12/16,13.52
16/12/16,13.50
15/12/16,13.17
14/12/16,13.25
13/12/16,13.21
12/12/16,12.83
09/12/16,12.81
08/12/16,12.82
07/12/16,12.88
06/12/16,12.39
05/12/16,12.45
02/12/16,12.10
01/12/16,12.13
30/11/16,12.63
29/11/16,12.64
28/11/16,13.07
25/11/16,13.11
23/11/16,12.88
22/11/16,12.74
21/11/16,12.30
18/11/16,12.33
17/11/16,12.58
16/11/16,12.26
15/11/16,12.25
14/11/16,12.10
11/11/16,12.57
10/11/16,12.36
09/11/16,12.67
08/11/16,13.00
07/11/16,12.88
04/11/16,12.70
03/11/16,12.49
02/11/16,12.53
01/11/16,12.72
31/10/16,13.18
28/10/16,13.33
27/10/16,13.60
26/10/16,13.48
25/10/16,13.49
24/10/16,13.52
21/10/16,13.34
20/10/16,13.27
19/10/16,13.57
18/10/16,13.27
17/10/16,12.93
14/10/16,13.10
13/10/16,13.35
12/10/16,13.43
11/10/16,13.34
10/10/16,13.40
07/10/16,13.11
06/10/16,13.40
05/10/16,13.90
04/10/16,14.09
03/10/16,14.25
30/09/16,13.60
29/09/16,13.38
28/09/16,13.75
27/09/16,13.72
26/09/16,13.93
23/09/16,13.83
22/09/16,13.76
21/09/16,13.68
20/09/16,13.64
19/09/16,13.76
16/09/16,13.69
15/09/16,13.36
14/09/16,13.09
13/09/16,13.07
12/09/16,13.22
09/09/16,12.96
08/09/16,13.16
07/09/16,13.45
06/09/16,13.52
02/09/16,13.19
01/09/16,13.38
31/08/16,14.13
30/08/16,14.09
29/08/16,14.35
26/08/16,14.67
25/08/16,14.73
24/08/16,14.84
23/08/16,14.99
22/08/16,14.86
19/08/16,15.00
18/08/16,14.90
17/08/16,14.88
16/08/16,14.91
15/08/16,15.04
12/08/16,15.04
11/08/16,14.99
10/08/16,15.04
09/08/16,15.27
08/08/16,15.08
05/08/16,15.34
04/08/16,15.37
03/08/16,15.05
02/08/16,15.15
01/08/16,15.33
29/07/16,15.65
28/07/16,15.37
27/07/16,15.23
26/07/16,15.30
25/07/16,15.33
22/07/16,14.82
21/07/16,14.70
20/07/16,15.22
19/07/16,15.02
18/07/16,15.08
15/07/16,14.69
14/07/16,14.77
13/07/16,14.84
12/07/16,14.98
11/07/16,14.99
08/07/16,14.45
07/07/16,14.40
06/07/16,14.30
05/07/16,14.27
01/07/16,14.43
30/06/16,14.15
29/06/16,14.01
28/06/16,13.45
27/06/16,13.24
24/06/16,12.88
23/06/16,13.09
22/06/16,13.11
21/06/16,14.64
20/06/16,14.65
17/06/16,14.36
16/06/16,14.53
15/06/16,14.51
14/06/16,14.33
13/06/16,14.52
10/06/16,14.59
09/06/16,15.29
08/06/16,15.70
07/06/16,15.49
06/06/16,14.71
03/06/16,14.60
02/06/16,14.60
01/06/16,14.64
31/05/16,14.88
27/05/16,14.87
26/05/16,15.01
25/05/16,14.64
24/05/16,14.53
23/05/16,14.41
20/05/16,14.69
19/05/16,14.35
18/05/16,14.08
17/05/16,13.64
16/05/16,13.89
13/05/16,13.84
12/05/16,13.82
11/05/16,13.93
10/05/16,13.91
09/05/16,13.93
06/05/16,14.33
05/05/16,14.10
04/05/16,14.84
03/05/16,15.49
02/05/16,16.12
29/04/16,16.05
28/04/16,16.51
27/04/16,16.76
26/04/16,16.92
25/04/16,16.79
22/04/16,16.92
21/04/16,16.55
20/04/16,16.66
19/04/16,16.49
18/04/16,16.93
15/04/16,16.97
14/04/16,16.79
13/04/16,16.97
12/04/16,16.52
11/04/16,16.66
08/04/16,16.67
07/04/16,17.15
06/04/16,17.69
05/04/16,17.03
04/04/16,16.47
01/04/16,15.84
31/03/16,15.32
30/03/16,15.13
29/03/16,15.34
28/03/16,15.35
24/03/16,15.18
23/03/16,14.84
22/03/16,15.62
21/03/16,15.89
18/03/16,15.52
17/03/16,15.09
16/03/16,14.80
15/03/16,14.56
14/03/16,14.34
11/03/16,13.83
10/03/16,13.68
09/03/16,13.91
08/03/16,13.51
07/03/16,13.69
04/03/16,13.40
03/03/16,13.05
02/03/16,12.56
01/03/16,12.42
29/02/16,12.80
26/02/16,12.69
25/02/16,12.50
24/02/16,11.93
23/02/16,11.81
22/02/16,11.85
19/02/16,11.11
18/02/16,11.12
17/02/16,11.25
16/02/16,10.34
12/02/16,10.07
11/02/16,10.03
10/02/16,9.58
09/02/16,9.88
08/02/16,9.87
05/02/16,10.84
04/02/16,11.69
03/02/16,11.57
02/02/16,12.19
01/02/16,13.13
29/01/16,12.75
28/01/16,12.65
27/01/16,12.54
26/01/16,12.90
25/01/16,13.09
22/01/16,13.50
21/01/16,13.33
20/01/16,13.25
19/01/16,13.65
15/01/16,13.67
14/01/16,13.75
13/01/16,13.35
12/01/16,14.00
11/01/16,13.86
08/01/16,14.07
07/01/16,14.38
06/01/16,14.60
05/01/16,14.90
04/01/16,14.89
31/12/15,16.00
30/12/15,15.87
29/12/15,15.81
28/12/15,15.26
24/12/15,15.37
23/12/15,15.31
22/12/15,15.33
21/12/15,15.50
18/12/15,15.36
17/12/15,15.56
16/12/15,15.63
15/12/15,14.74
14/12/15,14.57
11/12/15,14.47
10/12/15,15.14
09/12/15,14.97
08/12/15,15.11
07/12/15,15.41
04/12/15,15.36
03/12/15,15.51
02/12/15,15.47
01/12/15,15.81
30/11/15,15.35
27/11/15,15.44
25/11/15,15.31
24/11/15,14.55
23/11/15,14.52
20/11/15,14.67
19/11/15,14.79
18/11/15,14.74
17/11/15,14.27
16/11/15,14.29
13/11/15,13.81
12/11/15,14.20
11/11/15,14.61
10/11/15,14.43
09/11/15,15.02
06/11/15,15.49
05/11/15,15.45
04/11/15,15.44
03/11/15,13.89
02/11/15,14.25
30/10/15,13.80
29/10/15,14.11
28/10/15,14.20
27/10/15,14.02
26/10/15,14.35
23/10/15,13.94
22/10/15,14.11
21/10/15,14.01
20/10/15,14.20
19/10/15,15.21
16/10/15,15.13
15/10/15,14.75
14/10/15,14.46
13/10/15,14.62
12/10/15,14.37
09/10/15,14.71
08/10/15,15.11
07/10/15,15.46
06/10/15,16.10
05/10/15,16.41
02/10/15,16.50
01/10/15,15.99
30/09/15,16.56
29/09/15,16.44
28/09/15,16.56
25/09/15,17.13
24/09/15,17.54
23/09/15,17.40
22/09/15,17.40
21/09/15,17.61
18/09/15,17.37
17/09/15,17.47
16/09/15,17.48
15/09/15,16.90
14/09/15,16.88
11/09/15,16.68
10/09/15,16.57
09/09/15,16.59
08/09/15,16.54
04/09/15,16.13
03/09/15,16.37
02/09/15,16.51
01/09/15,15.91
31/08/15,16.60
28/08/15,16.57
27/08/15,16.20
26/08/15,14.99
25/08/15,14.67
24/08/15,14.59
21/08/15,15.38
20/08/15,16.15
19/08/15,17.02
18/08/15,17.38
17/08/15,17.00
14/08/15,16.21
13/08/15,16.17
12/08/15,15.88
11/08/15,15.82
10/08/15,16.08
07/08/15,16.17
06/08/15,16.41
05/08/15,18.01
04/08/15,17.75
03/08/15,17.33
31/07/15,17.74
30/07/15,17.79
29/07/15,17.59
28/07/15,17.65
27/07/15,16.87
24/07/15,17.69
23/07/15,17.81
22/07/15,17.86
21/07/15,17.78
20/07/15,18.82
17/07/15,18.31
16/07/15,17.78
15/07/15,17.54
14/07/15,17.71
13/07/15,17.48
10/07/15,17.28
09/07/15,17.19
08/07/15,17.00
07/07/15,17.86
06/07/15,18.65
02/07/15,18.67
01/07/15,17.94
30/06/15,17.88
29/06/15,17.47
26/06/15,17.81
25/06/15,17.92
24/06/15,17.68
23/06/15,17.84
22/06/15,17.32
19/06/15,17.50
18/06/15,17.46
17/06/15,17.36
16/06/15,16.87
15/06/15,16.69
12/06/15,16.71
11/06/15,16.76
10/06/15,16.71
09/06/15,17.07
08/06/15,17.09
05/06/15,16.61
04/06/15,16.39
03/06/15,16.60
02/06/15,16.56
01/06/15,16.63
29/05/15,16.72
28/05/15,16.76
27/05/15,16.50
26/05/15,16.50
22/05/15,16.52
21/05/15,16.37
20/05/15,16.29
19/05/15,16.48
18/05/15,16.58
15/05/15,16.59
14/05/15,16.27
13/05/15,16.21
12/05/15,16.32
11/05/15,15.97
08/05/15,15.77
07/05/15,15.79
06/05/15,15.36
05/05/15,15.53
04/05/15,15.37
01/05/15,15.07
30/04/15,15.07
29/04/15,15.50
28/04/15,15.37
27/04/15,15.44
24/04/15,14.56
23/04/15,14.57
22/04/15,14.63
21/04/15,13.96
20/04/15,13.68
17/04/15,13.79
16/04/15,13.78
15/04/15,13.86
14/04/15,13.83
13/04/15,13.99
10/04/15,14.06
09/04/15,14.01
08/04/15,13.84
07/04/15,13.55
06/04/15,13.54
02/04/15,12.73
01/04/15,12.51
31/03/15,12.58
30/03/15,12.70
27/03/15,12.33
26/03/15,12.69
25/03/15,12.95
24/03/15,13.45
23/03/15,13.31
20/03/15,13.21
19/03/15,13.04
18/03/15,13.38
17/03/15,12.98
16/03/15,13.05
13/03/15,12.58
12/03/15,12.74
11/03/15,12.92
10/03/15,12.69
09/03/15,12.73
06/03/15,12.93
05/03/15,13.38
04/03/15,13.50
03/03/15,13.30
02/03/15,13.16
27/02/15,13.56
26/02/15,13.81
25/02/15,13.58
24/02/15,13.61
23/02/15,13.82
20/02/15,14.47
19/02/15,14.11
18/02/15,13.63
17/02/15,13.62
13/02/15,13.58
12/02/15,13.53
11/02/15,14.19
10/02/15,14.42
09/02/15,14.50
06/02/15,14.49
05/02/15,14.73
04/02/15,14.57
03/02/15,14.56
02/02/15,14.06
30/01/15,13.57
29/01/15,13.68
28/01/15,13.29
27/01/15,13.73
26/01/15,13.77
23/01/15,13.42
22/01/15,13.44
21/01/15,13.10
20/01/15,12.80
16/01/15,12.87
15/01/15,12.79
14/01/15,12.85
13/01/15,13.62
12/01/15,13.48
09/01/15,13.78
08/01/15,14.04
07/01/15,14.06
06/01/15,14.09
05/01/15,14.01
02/01/15,14.62
31/12/14,14.83
30/12/14,14.82
29/12/14,15.05
26/12/14,15.19
24/12/14,14.82
23/12/14,14.73
22/12/14,14.84
19/12/14,14.62
18/12/14,14.55
17/12/14,13.72
16/12/14,13.19
15/12/14,13.60
12/12/14,13.80
11/12/14,13.93
10/12/14,13.99
09/12/14,14.46
08/12/14,14.29
05/12/14,14.91
04/12/14,15.22
03/12/14,15.29
02/12/14,15.43
01/12/14,15.44
28/11/14,16.30
26/11/14,16.56
25/11/14,16.54
24/11/14,16.45
21/11/14,16.19
20/11/14,16.58
19/11/14,16.52
18/11/14,17.18
17/11/14,16.93
14/11/14,17.25
13/11/14,16.78
12/11/14,16.61
11/11/14,16.74
10/11/14,16.13
07/11/14,16.01
06/11/14,16.08
05/11/14,15.40
04/11/14,15.93
03/11/14,16.17
31/10/14,16.11
30/10/14,15.91
29/10/14,15.87
28/10/14,16.18
27/10/14,14.78
24/10/14,15.68
23/10/14,15.69
22/10/14,15.41
21/10/14,15.69
20/10/14,15.36
17/10/14,15.17
16/10/14,15.09
15/10/14,15.31
14/10/14,15.14
13/10/14,14.97
10/10/14,15.79
09/10/14,17.13
08/10/14,17.29
07/10/14,17.30
06/10/14,17.37
03/10/14,17.01
02/10/14,16.76
01/10/14,16.02
30/09/14,16.18
29/09/14,16.35
26/09/14,16.44
25/09/14,16.46
24/09/14,16.81
23/09/14,16.69
22/09/14,16.67
19/09/14,17.29
18/09/14,17.59
17/09/14,17.43
16/09/14,17.38
15/09/14,16.92
12/09/14,18.61
11/09/14,18.69
10/09/14,18.74
09/09/14,18.57
08/09/14,18.81
05/09/14,18.49
04/09/14,19.07
03/09/14,18.75
02/09/14,18.94
29/08/14,17.98
28/08/14,17.59
27/08/14,17.55
26/08/14,17.45
25/08/14,17.50
22/08/14,17.12
21/08/14,16.96
20/08/14,17.05
19/08/14,17.12
18/08/14,17.33
15/08/14,17.47
14/08/14,17.43
13/08/14,17.35
12/08/14,17.33
11/08/14,17.29
08/08/14,16.54
07/08/14,16.83
06/08/14,16.60
05/08/14,15.90
04/08/14,15.90
01/08/14,15.55
31/07/14,14.89
30/07/14,15.26
29/07/14,15.00
28/07/14,14.99
25/07/14,14.90
24/07/14,14.90
23/07/14,14.83
22/07/14,14.64
21/07/14,14.70
18/07/14,14.67
17/07/14,14.36
16/07/14,14.48
15/07/14,14.64
14/07/14,15.11
11/07/14,14.54
10/07/14,14.63
09/07/14,14.87
08/07/14,14.60
07/07/14,14.84
03/07/14,15.28
02/07/14,15.30
01/07/14,15.98
30/06/14,16.00
27/06/14,15.94
26/06/14,15.71
25/06/14,15.79
24/06/14,15.50
23/06/14,15.81
20/06/14,15.31
19/06/14,15.19
18/06/14,15.14
17/06/14,15.44
16/06/14,14.97
13/06/14,13.76
12/06/14,13.57
11/06/14,13.63
10/06/14,13.49
09/06/14,13.69
06/06/14,13.88
05/06/14,13.79
04/06/14,13.60
03/06/14,13.66
02/06/14,13.65
30/05/14,13.85
29/05/14,14.02
28/05/14,14.02
27/05/14,14.10
23/05/14,13.82
22/05/14,13.66
21/05/14,13.30
20/05/14,13.02
19/05/14,13.07
16/05/14,12.77
15/05/14,12.57
14/05/14,12.71
13/05/14,12.68
12/05/14,12.31
09/05/14,12.15
08/05/14,11.91
07/05/14,13.42
06/05/14,13.82
05/05/14,14.44
02/05/14,14.06
01/05/14,13.85
30/04/14,13.86
29/04/14,13.79
28/04/14,13.23
