date ,close
28/04/14,13.23
29/04/14,13.79
30/04/14,13.86
01/05/14,13.85
02/05/14,14.06
05/05/14,14.44
06/05/14,13.82
07/05/14,13.42
08/05/14,11.91
09/05/14,12.15
12/05/14,12.31
13/05/14,12.68
14/05/14,12.71
15/05/14,12.57
16/05/14,12.77
19/05/14,13.07
20/05/14,13.02
21/05/14,13.3
22/05/14,13.66
23/05/14,13.82
27/05/14,14.1
28/05/14,14.02
29/05/14,14.02
30/05/14,13.85
02/06/14,13.65
03/06/14,13.66
04/06/14,13.6
05/06/14,13.79
06/06/14,13.88
09/06/14,13.69
10/06/14,13.49
11/06/14,13.63
12/06/14,13.57
13/06/14,13.76
16/06/14,14.97
17/06/14,15.44
18/06/14,15.14
19/06/14,15.19
20/06/14,15.31
23/06/14,15.81
24/06/14,15.5
25/06/14,15.79
26/06/14,15.71
27/06/14,15.94
30/06/14,16
01/07/14,15.98
02/07/14,15.3
03/07/14,15.28
07/07/14,14.84
08/07/14,14.6
09/07/14,14.87
10/07/14,14.63
11/07/14,14.54
14/07/14,15.11
15/07/14,14.64
16/07/14,14.48
17/07/14,14.36
18/07/14,14.67
21/07/14,14.7
22/07/14,14.64
23/07/14,14.83
24/07/14,14.9
25/07/14,14.9
28/07/14,14.99
29/07/14,15
30/07/14,15.26
31/07/14,14.89
01/08/14,15.55
04/08/14,15.9
05/08/14,15.9
06/08/14,16.6
07/08/14,16.83
08/08/14,16.54
11/08/14,17.29
12/08/14,17.33
13/08/14,17.35
14/08/14,17.43
15/08/14,17.47
18/08/14,17.33
19/08/14,17.12
20/08/14,17.05
21/08/14,16.96
22/08/14,17.12
25/08/14,17.5
26/08/14,17.45
27/08/14,17.55
28/08/14,17.59
29/08/14,17.98
02/09/14,18.94
03/09/14,18.75
04/09/14,19.07
05/09/14,18.49
08/09/14,18.81
09/09/14,18.57
10/09/14,18.74
11/09/14,18.69
12/09/14,18.61
15/09/14,16.92
16/09/14,17.38
17/09/14,17.43
18/09/14,17.59
19/09/14,17.29
22/09/14,16.67
23/09/14,16.69
24/09/14,16.81
25/09/14,16.46
26/09/14,16.44
29/09/14,16.35
30/09/14,16.18
01/10/14,16.02
02/10/14,16.76
03/10/14,17.01
06/10/14,17.37
07/10/14,17.3
08/10/14,17.29
09/10/14,17.13
10/10/14,15.79
13/10/14,14.97
14/10/14,15.14
15/10/14,15.31
16/10/14,15.09
17/10/14,15.17
20/10/14,15.36
21/10/14,15.69
22/10/14,15.41
23/10/14,15.69
24/10/14,15.68
27/10/14,14.78
28/10/14,16.18
29/10/14,15.87
30/10/14,15.91
31/10/14,16.11
03/11/14,16.17
04/11/14,15.93
05/11/14,15.4
06/11/14,16.08
07/11/14,16.01
10/11/14,16.13
11/11/14,16.74
12/11/14,16.61
13/11/14,16.78
14/11/14,17.25
17/11/14,16.93
18/11/14,17.18
19/11/14,16.52
20/11/14,16.58
21/11/14,16.19
24/11/14,16.45
25/11/14,16.54
26/11/14,16.56
28/11/14,16.3
01/12/14,15.44
02/12/14,15.43
03/12/14,15.29
04/12/14,15.22
05/12/14,14.91
08/12/14,14.29
09/12/14,14.46
10/12/14,13.99
11/12/14,13.93
12/12/14,13.8
15/12/14,13.6
16/12/14,13.19
17/12/14,13.72
18/12/14,14.55
19/12/14,14.62
22/12/14,14.84
23/12/14,14.73
24/12/14,14.82
26/12/14,15.19
29/12/14,15.05
30/12/14,14.82
31/12/14,14.83
02/01/15,14.62
05/01/15,14.01
06/01/15,14.09
07/01/15,14.06
08/01/15,14.04
09/01/15,13.78
12/01/15,13.48
13/01/15,13.62
14/01/15,12.85
15/01/15,12.79
16/01/15,12.87
20/01/15,12.8
21/01/15,13.1
22/01/15,13.44
23/01/15,13.42
26/01/15,13.77
27/01/15,13.73
28/01/15,13.29
29/01/15,13.68
30/01/15,13.57
02/02/15,14.06
03/02/15,14.56
04/02/15,14.57
05/02/15,14.73
06/02/15,14.49
09/02/15,14.5
10/02/15,14.42
11/02/15,14.19
12/02/15,13.53
13/02/15,13.58
17/02/15,13.62
18/02/15,13.63
19/02/15,14.11
20/02/15,14.47
23/02/15,13.82
24/02/15,13.61
25/02/15,13.58
26/02/15,13.81
27/02/15,13.56
02/03/15,13.16
03/03/15,13.3
04/03/15,13.5
05/03/15,13.38
06/03/15,12.93
09/03/15,12.73
10/03/15,12.69
11/03/15,12.92
12/03/15,12.74
13/03/15,12.58
16/03/15,13.05
17/03/15,12.98
18/03/15,13.38
19/03/15,13.04
20/03/15,13.21
23/03/15,13.31
24/03/15,13.45
25/03/15,12.95
26/03/15,12.69
27/03/15,12.33
30/03/15,12.7
31/03/15,12.58
01/04/15,12.51
02/04/15,12.73
06/04/15,13.54
07/04/15,13.55
08/04/15,13.84
09/04/15,14.01
10/04/15,14.06
13/04/15,13.99
14/04/15,13.83
15/04/15,13.86
16/04/15,13.78
17/04/15,13.79
20/04/15,13.68
21/04/15,13.96
22/04/15,14.63
23/04/15,14.57
24/04/15,14.56
27/04/15,15.44
28/04/15,15.37
29/04/15,15.5
30/04/15,15.07
01/05/15,15.07
04/05/15,15.37
05/05/15,15.53
06/05/15,15.36
07/05/15,15.79
08/05/15,15.77
11/05/15,15.97
12/05/15,16.32
13/05/15,16.21
14/05/15,16.27
15/05/15,16.59
18/05/15,16.58
19/05/15,16.48
20/05/15,16.29
21/05/15,16.37
22/05/15,16.52
26/05/15,16.5
27/05/15,16.5
28/05/15,16.76
29/05/15,16.72
01/06/15,16.63
02/06/15,16.56
03/06/15,16.6
04/06/15,16.39
05/06/15,16.61
08/06/15,17.09
09/06/15,17.07
10/06/15,16.71
11/06/15,16.76
12/06/15,16.71
15/06/15,16.69
16/06/15,16.87
17/06/15,17.36
18/06/15,17.46
19/06/15,17.5
22/06/15,17.32
23/06/15,17.84
24/06/15,17.68
25/06/15,17.92
26/06/15,17.81
29/06/15,17.47
30/06/15,17.88
01/07/15,17.94
02/07/15,18.67
06/07/15,18.65
07/07/15,17.86
08/07/15,17
09/07/15,17.19
10/07/15,17.28
13/07/15,17.48
14/07/15,17.71
15/07/15,17.54
16/07/15,17.78
17/07/15,18.31
20/07/15,18.82
21/07/15,17.78
22/07/15,17.86
23/07/15,17.81
24/07/15,17.69
27/07/15,16.87
28/07/15,17.65
29/07/15,17.59
30/07/15,17.79
31/07/15,17.74
03/08/15,17.33
04/08/15,17.75
05/08/15,18.01
06/08/15,16.41
07/08/15,16.17
10/08/15,16.08
11/08/15,15.82
12/08/15,15.88
13/08/15,16.17
14/08/15,16.21
17/08/15,17
18/08/15,17.38
19/08/15,17.02
20/08/15,16.15
21/08/15,15.38
24/08/15,14.59
25/08/15,14.67
26/08/15,14.99
27/08/15,16.2
28/08/15,16.57
31/08/15,16.6
01/09/15,15.91
02/09/15,16.51
03/09/15,16.37
04/09/15,16.13
08/09/15,16.54
09/09/15,16.59
10/09/15,16.57
11/09/15,16.68
14/09/15,16.88
15/09/15,16.9
16/09/15,17.48
17/09/15,17.47
18/09/15,17.37
21/09/15,17.61
22/09/15,17.4
23/09/15,17.4
24/09/15,17.54
25/09/15,17.13
28/09/15,16.56
29/09/15,16.44
30/09/15,16.56
01/10/15,15.99
02/10/15,16.5
05/10/15,16.41
06/10/15,16.1
07/10/15,15.46
08/10/15,15.11
09/10/15,14.71
12/10/15,14.37
13/10/15,14.62
14/10/15,14.46
15/10/15,14.75
16/10/15,15.13
19/10/15,15.21
20/10/15,14.2
21/10/15,14.01
22/10/15,14.11
23/10/15,13.94
26/10/15,14.35
27/10/15,14.02
28/10/15,14.2
29/10/15,14.11
30/10/15,13.8
02/11/15,14.25
03/11/15,13.89
04/11/15,15.44
05/11/15,15.45
06/11/15,15.49
09/11/15,15.02
10/11/15,14.43
11/11/15,14.61
12/11/15,14.2
13/11/15,13.81
16/11/15,14.29
17/11/15,14.27
18/11/15,14.74
19/11/15,14.79
20/11/15,14.67
23/11/15,14.52
24/11/15,14.55
25/11/15,15.31
27/11/15,15.44
30/11/15,15.35
01/12/15,15.81
02/12/15,15.47
03/12/15,15.51
04/12/15,15.36
07/12/15,15.41
08/12/15,15.11
09/12/15,14.97
10/12/15,15.14
11/12/15,14.47
14/12/15,14.57
15/12/15,14.74
16/12/15,15.63
17/12/15,15.56
18/12/15,15.36
21/12/15,15.5
22/12/15,15.33
23/12/15,15.31
24/12/15,15.37
28/12/15,15.26
29/12/15,15.81
30/12/15,15.87
31/12/15,16
04/01/16,14.89
05/01/16,14.9
06/01/16,14.6
07/01/16,14.38
08/01/16,14.07
11/01/16,13.86
12/01/16,14
13/01/16,13.35
14/01/16,13.75
15/01/16,13.67
19/01/16,13.65
20/01/16,13.25
21/01/16,13.33
22/01/16,13.5
25/01/16,13.09
26/01/16,12.9
27/01/16,12.54
28/01/16,12.65
29/01/16,12.75
01/02/16,13.13
02/02/16,12.19
03/02/16,11.57
04/02/16,11.69
05/02/16,10.84
08/02/16,9.87
09/02/16,9.88
10/02/16,9.58
11/02/16,10.03
12/02/16,10.07
16/02/16,10.34
17/02/16,11.25
18/02/16,11.12
19/02/16,11.11
22/02/16,11.85
23/02/16,11.81
24/02/16,11.93
25/02/16,12.5
26/02/16,12.69
29/02/16,12.8
01/03/16,12.42
02/03/16,12.56
03/03/16,13.05
04/03/16,13.4
07/03/16,13.69
08/03/16,13.51
09/03/16,13.91
10/03/16,13.68
11/03/16,13.83
14/03/16,14.34
15/03/16,14.56
16/03/16,14.8
17/03/16,15.09
18/03/16,15.52
21/03/16,15.89
22/03/16,15.62
23/03/16,14.84
24/03/16,15.18
28/03/16,15.35
29/03/16,15.34
30/03/16,15.13
31/03/16,15.32
01/04/16,15.84
04/04/16,16.47
05/04/16,17.03
06/04/16,17.69
07/04/16,17.15
08/04/16,16.67
11/04/16,16.66
12/04/16,16.52
13/04/16,16.97
14/04/16,16.79
15/04/16,16.97
18/04/16,16.93
19/04/16,16.49
20/04/16,16.66
21/04/16,16.55
22/04/16,16.92
25/04/16,16.79
26/04/16,16.92
27/04/16,16.76
28/04/16,16.51
29/04/16,16.05
02/05/16,16.12
03/05/16,15.49
04/05/16,14.84
05/05/16,14.1
06/05/16,14.33
09/05/16,13.93
10/05/16,13.91
11/05/16,13.93
12/05/16,13.82
13/05/16,13.84
16/05/16,13.89
17/05/16,13.64
18/05/16,14.08
19/05/16,14.35
20/05/16,14.69
23/05/16,14.41
24/05/16,14.53
25/05/16,14.64
26/05/16,15.01
27/05/16,14.87
31/05/16,14.88
01/06/16,14.64
02/06/16,14.6
03/06/16,14.6
06/06/16,14.71
07/06/16,15.49
08/06/16,15.7
09/06/16,15.29
10/06/16,14.59
13/06/16,14.52
14/06/16,14.33
15/06/16,14.51
16/06/16,14.53
17/06/16,14.36
20/06/16,14.65
21/06/16,14.64
22/06/16,13.11
23/06/16,13.09
24/06/16,12.88
27/06/16,13.24
28/06/16,13.45
29/06/16,14.01
30/06/16,14.15
01/07/16,14.43
05/07/16,14.27
06/07/16,14.3
07/07/16,14.4
08/07/16,14.45
11/07/16,14.99
12/07/16,14.98
13/07/16,14.84
14/07/16,14.77
15/07/16,14.69
18/07/16,15.08
19/07/16,15.02
20/07/16,15.22
21/07/16,14.7
22/07/16,14.82
25/07/16,15.33
26/07/16,15.3
27/07/16,15.23
28/07/16,15.37
29/07/16,15.65
01/08/16,15.33
02/08/16,15.15
03/08/16,15.05
04/08/16,15.37
05/08/16,15.34
08/08/16,15.08
09/08/16,15.27
10/08/16,15.04
11/08/16,14.99
12/08/16,15.04
15/08/16,15.04
16/08/16,14.91
17/08/16,14.88
18/08/16,14.9
19/08/16,15
22/08/16,14.86
23/08/16,14.99
24/08/16,14.84
25/08/16,14.73
26/08/16,14.67
29/08/16,14.35
30/08/16,14.09
31/08/16,14.13
01/09/16,13.38
02/09/16,13.19
06/09/16,13.52
07/09/16,13.45
08/09/16,13.16
09/09/16,12.96
12/09/16,13.22
13/09/16,13.07
14/09/16,13.09
15/09/16,13.36
16/09/16,13.69
19/09/16,13.76
20/09/16,13.64
21/09/16,13.68
22/09/16,13.76
23/09/16,13.83
26/09/16,13.93
27/09/16,13.72
28/09/16,13.75
29/09/16,13.38
30/09/16,13.6
03/10/16,14.25
04/10/16,14.09
05/10/16,13.9
06/10/16,13.4
07/10/16,13.11
10/10/16,13.4
11/10/16,13.34
12/10/16,13.43
13/10/16,13.35
14/10/16,13.1
17/10/16,12.93
18/10/16,13.27
19/10/16,13.57
20/10/16,13.27
21/10/16,13.34
24/10/16,13.52
25/10/16,13.49
26/10/16,13.48
27/10/16,13.6
28/10/16,13.33
31/10/16,13.18
01/11/16,12.72
02/11/16,12.53
03/11/16,12.49
04/11/16,12.7
07/11/16,12.88
08/11/16,13
09/11/16,12.67
10/11/16,12.36
11/11/16,12.57
14/11/16,12.1
15/11/16,12.25
16/11/16,12.26
17/11/16,12.58
18/11/16,12.33
21/11/16,12.3
22/11/16,12.74
23/11/16,12.88
25/11/16,13.11
28/11/16,13.07
29/11/16,12.64
30/11/16,12.63
01/12/16,12.13
02/12/16,12.1
05/12/16,12.45
06/12/16,12.39
07/12/16,12.88
08/12/16,12.82
09/12/16,12.81
12/12/16,12.83
13/12/16,13.21
14/12/16,13.25
15/12/16,13.17
16/12/16,13.5
19/12/16,13.52
20/12/16,13.92
21/12/16,13.85
22/12/16,13.9
23/12/16,14.22
27/12/16,14.64
28/12/16,14.65
29/12/16,14.31
30/12/16,14.25
03/01/17,14.47
04/01/17,15.13
05/01/17,15.12
06/01/17,15.27
09/01/17,15.42
10/01/17,15.32
11/01/17,15.32
12/01/17,15.31
13/01/17,15.85
17/01/17,15.71
18/01/17,15.89
19/01/17,16.25
20/01/17,16.32
23/01/17,16.59
24/01/17,16.97
25/01/17,16.96
26/01/17,16.83
27/01/17,16.86
30/01/17,16.71
31/01/17,16.8
01/02/17,16.62
02/02/17,16.77
03/02/17,16.76
06/02/17,17.18
07/02/17,17.17
08/02/17,17.47
09/02/17,17.95
10/02/17,17.95
13/02/17,18.71
14/02/17,18.73
15/02/17,18.65
16/02/17,17.93
17/02/17,18.15
21/02/17,18.49
22/02/17,18.23
23/02/17,17.07
24/02/17,17.13
27/02/17,16.42
28/02/17,16.67
01/03/17,16.67
02/03/17,16.7
03/03/17,16.77
06/03/17,16.75
07/03/17,16.57
08/03/17,16.46
09/03/17,16.33
10/03/17,16.25
13/03/17,16.41
14/03/17,17.2
15/03/17,17.05
16/03/17,17.47
17/03/17,17.43
20/03/17,17.46
21/03/17,16.71
22/03/17,17
23/03/17,16.99
24/03/17,17.54
27/03/17,18.01
28/03/17,18.5
29/03/17,18.49
30/03/17,18.53
31/03/17,18.55
03/04/17,19.9
04/04/17,20.25
05/04/17,19.67
06/04/17,19.91
07/04/17,20.17
10/04/17,20.83
11/04/17,20.58
12/04/17,19.79
13/04/17,20.27
17/04/17,20.1
18/04/17,20.02
19/04/17,20.37
20/04/17,20.17
21/04/17,20.37
24/04/17,20.54
25/04/17,20.92
26/04/17,20.68
27/04/17,20.58
28/04/17,20.94
01/05/17,21.52
02/05/17,21.26
03/05/17,20.73
04/05/17,19.7
05/05/17,20.56
08/05/17,20.48
09/05/17,21.42
10/05/17,21.68
11/05/17,21.54
12/05/17,21.65
15/05/17,21.06
16/05/17,21.13
17/05/17,20.41
18/05/17,20.87
19/05/17,20.72
22/05/17,20.69
23/05/17,20.26
24/05/17,20.68
25/05/17,21.12
26/05/17,21.68
30/05/17,22.34
31/05/17,22.73
01/06/17,22.69
02/06/17,22.66
05/06/17,23.15
06/06/17,23.52
07/06/17,23.98
08/06/17,24.67
09/06/17,23.82
12/06/17,23.93
13/06/17,25.06
14/06/17,25.38
15/06/17,25.02
16/06/17,24.76
19/06/17,24.65
20/06/17,24.82
21/06/17,25.09
22/06/17,25.51
23/06/17,25.56
26/06/17,25.17
27/06/17,24.16
28/06/17,24.75
29/06/17,24.05
30/06/17,24.11
03/07/17,23.51
05/07/17,21.81
06/07/17,20.59
07/07/17,20.88
10/07/17,21.07
11/07/17,21.81
12/07/17,21.97
13/07/17,21.56
14/07/17,21.85
17/07/17,21.3
18/07/17,21.88
19/07/17,21.68
20/07/17,21.99
21/07/17,21.89
24/07/17,22.83
25/07/17,22.64
26/07/17,22.92
27/07/17,22.3
28/07/17,22.34
31/07/17,21.56
01/08/17,21.3
02/08/17,21.73
03/08/17,23.14
04/08/17,23.79
07/08/17,23.68
08/08/17,24.35
09/08/17,24.24
10/08/17,23.69
11/08/17,23.86
14/08/17,24.25
15/08/17,24.16
16/08/17,24.19
17/08/17,23.46
18/08/17,23.16
21/08/17,22.52
22/08/17,22.76
23/08/17,23.52
24/08/17,23.53
25/08/17,23.2
28/08/17,23.04
29/08/17,23.16
30/08/17,23.55
31/08/17,23.73
01/09/17,23.69
05/09/17,23.31
06/09/17,22.97
07/09/17,23.37
08/09/17,22.89
11/09/17,24.25
12/09/17,24.18
13/09/17,24.42
14/09/17,25.18
15/09/17,25.32
18/09/17,25.67
19/09/17,25.01
20/09/17,24.93
21/09/17,24.43
22/09/17,23.41
25/09/17,23
26/09/17,23.02
27/09/17,22.73
28/09/17,22.64
29/09/17,22.74
02/10/17,22.77
03/10/17,23.21
04/10/17,23.67
05/10/17,23.69
06/10/17,23.79
09/10/17,22.86
10/10/17,23.71
11/10/17,23.64
12/10/17,23.71
13/10/17,23.7
16/10/17,23.37
17/10/17,23.72
18/10/17,23.98
19/10/17,23.45
20/10/17,23.01
23/10/17,22.47
24/10/17,22.49
25/10/17,21.72
26/10/17,21.74
27/10/17,21.39
30/10/17,21.34
31/10/17,22.1
01/11/17,21.41
02/11/17,19.95
03/11/17,20.41
06/11/17,20.19
07/11/17,20.4
08/11/17,20.29
09/11/17,20.2
10/11/17,20.2
13/11/17,21.03
14/11/17,20.58
15/11/17,20.75
16/11/17,20.83
17/11/17,21
20/11/17,20.58
21/11/17,21.19
22/11/17,20.84
24/11/17,21.04
27/11/17,21.12
28/11/17,21.17
29/11/17,20.5
30/11/17,20.59
01/12/17,20.44
04/12/17,20.35
05/12/17,20.25
06/12/17,20.88
07/12/17,20.75
08/12/17,21.01
11/12/17,21.93
12/12/17,22.74
13/12/17,22.6
14/12/17,22.53
15/12/17,22.9
18/12/17,22.59
19/12/17,22.07
20/12/17,21.93
21/12/17,22.11
22/12/17,21.68
26/12/17,21.15
27/12/17,20.78
28/12/17,21.02
29/12/17,20.76
02/01/18,21.37
03/01/18,21.15
04/01/18,20.97
05/01/18,21.11
08/01/18,22.43
09/01/18,22.25
10/01/18,22.32
11/01/18,22.53
12/01/18,22.41
16/01/18,22.67
17/01/18,23.14
18/01/18,22.97
19/01/18,23.33
22/01/18,23.44
23/01/18,23.52
24/01/18,23.06
25/01/18,22.51
26/01/18,22.86
29/01/18,23.3
30/01/18,23.05
31/01/18,23.62
01/02/18,23.28
02/02/18,22.92
05/02/18,22.21
06/02/18,22.26
07/02/18,23
08/02/18,21.02
09/02/18,20.69
12/02/18,21.05
13/02/18,21.58
14/02/18,21.49
15/02/18,22.27
16/02/18,22.37
20/02/18,22.32
21/02/18,22.22
22/02/18,23.08
23/02/18,23.47
26/02/18,23.83
27/02/18,23.4
28/02/18,22.87
01/03/18,22.06
02/03/18,22.34
05/03/18,22.22
06/03/18,21.88
07/03/18,22.15
08/03/18,21.94
09/03/18,21.81
12/03/18,23.03
13/03/18,22.79
14/03/18,21.78
15/03/18,21.71
16/03/18,21.42
19/03/18,20.9
20/03/18,20.7
21/03/18,21.1
22/03/18,20.61
23/03/18,20.1
26/03/18,20.28
27/03/18,18.61
28/03/18,17.19
29/03/18,17.74
02/04/18,16.83
03/04/18,17.84
04/04/18,19.13
05/04/18,20.38
06/04/18,19.95
09/04/18,19.31
10/04/18,20.31
11/04/18,20.06
12/04/18,19.61
13/04/18,20.02
16/04/18,19.41
17/04/18,19.18
18/04/18,19.56
19/04/18,20.01
20/04/18,19.35
23/04/18,18.89
24/04/18,18.9
25/04/18,18.71
26/04/18,19.03
27/04/18,19.61
30/04/18,19.59
01/05/18,19.99
02/05/18,20.08
03/05/18,18.96
04/05/18,19.61
07/05/18,20.18
08/05/18,20.13
09/05/18,20.46
10/05/18,20.33
11/05/18,20.07
14/05/18,19.46
15/05/18,18.95
16/05/18,19.1
17/05/18,18.97
18/05/18,18.45
21/05/18,18.97
22/05/18,18.33
23/05/18,18.6
24/05/18,18.52
25/05/18,18.59
29/05/18,18.92
30/05/18,19.45
31/05/18,18.98
01/06/18,19.45
04/06/18,19.78
05/06/18,19.41
06/06/18,21.3
07/06/18,21.07
08/06/18,21.18
11/06/18,22.14
12/06/18,22.85
13/06/18,22.99
14/06/18,23.85
15/06/18,23.88
18/06/18,24.72
19/06/18,23.5
20/06/18,24.15
21/06/18,23.17
22/06/18,22.24
25/06/18,22.2
26/06/18,22.8
27/06/18,22.97
28/06/18,23.33
29/06/18,22.86
02/07/18,22.34
03/07/18,20.72
05/07/18,20.61
06/07/18,20.59
09/07/18,21.23
10/07/18,21.5
11/07/18,21.26
12/07/18,21.11
13/07/18,21.26
16/07/18,20.67
17/07/18,21.51
18/07/18,21.59
19/07/18,21.35
20/07/18,20.91
23/07/18,20.21
24/07/18,19.83
25/07/18,20.58
26/07/18,20.44
27/07/18,19.81
30/07/18,19.34
31/07/18,19.88
01/08/18,20.06
02/08/18,23.3
03/08/18,23.21
06/08/18,22.8
07/08/18,25.3
08/08/18,24.69
09/08/18,23.5
10/08/18,23.7
13/08/18,23.76
14/08/18,23.18
15/08/18,22.58
16/08/18,22.36
17/08/18,20.37
20/08/18,20.56
21/08/18,21.46
22/08/18,21.44
23/08/18,21.34
24/08/18,21.52
27/08/18,21.28
28/08/18,20.79
29/08/18,20.33
30/08/18,20.21
31/08/18,20.11
04/09/18,19.26
05/09/18,18.72
06/09/18,18.73
07/09/18,17.55
10/09/18,19.03
11/09/18,18.63
12/09/18,19.37
13/09/18,19.3
14/09/18,19.68
17/09/18,19.66
18/09/18,19
19/09/18,19.93
20/09/18,19.89
21/09/18,19.94
24/09/18,19.98
25/09/18,20.07
26/09/18,20.64
27/09/18,20.5
28/09/18,17.65
01/10/18,20.71
02/10/18,20.07
03/10/18,19.65
04/10/18,18.79
05/10/18,17.46
08/10/18,16.7
09/10/18,17.52
10/10/18,17.13
11/10/18,16.82
12/10/18,17.25
15/10/18,17.31
16/10/18,18.44
17/10/18,18.12
18/10/18,17.59
19/10/18,17.33
22/10/18,17.4
23/10/18,19.61
24/10/18,19.23
25/10/18,20.99
26/10/18,22.06
29/10/18,22.32
30/10/18,21.99
31/10/18,22.49
01/11/18,22.95
02/11/18,23.09
05/11/18,22.76
06/11/18,22.74
07/11/18,23.21
08/11/18,23.43
09/11/18,23.37
12/11/18,22.09
13/11/18,22.58
14/11/18,22.93
15/11/18,23.23
16/11/18,23.62
19/11/18,23.56
20/11/18,23.17
21/11/18,22.55
23/11/18,21.72
26/11/18,23.07
27/11/18,22.93
28/11/18,23.19
29/11/18,22.74
30/11/18,23.37
03/12/18,23.9
04/12/18,23.98
06/12/18,24.2
07/12/18,23.86
10/12/18,24.34
11/12/18,24.45
12/12/18,24.44
13/12/18,25.12
14/12/18,24.38
17/12/18,23.23
18/12/18,22.47
19/12/18,22.2
20/12/18,21.03
21/12/18,21.32
24/12/18,19.69
26/12/18,21.74
27/12/18,21.08
28/12/18,22.26
31/12/18,22.19
02/01/19,20.67
03/01/19,20.02
04/01/19,21.18
07/01/19,22.33
08/01/19,22.36
09/01/19,22.57
10/01/19,23
11/01/19,23.15
14/01/19,22.29
15/01/19,22.96
16/01/19,23.07
17/01/19,23.15
18/01/19,20.15
22/01/19,19.93
23/01/19,19.17
24/01/19,19.43
25/01/19,19.8
28/01/19,19.76
29/01/19,19.83
30/01/19,20.58
31/01/19,20.47
01/02/19,20.81
04/02/19,20.86
05/02/19,21.42
06/02/19,21.15
07/02/19,20.5
08/02/19,20.39
11/02/19,20.86
12/02/19,20.79
13/02/19,20.54
14/02/19,20.25
15/02/19,20.53
19/02/19,20.38
20/02/19,20.17
21/02/19,19.42
22/02/19,19.65
25/02/19,19.92
26/02/19,19.86
27/02/19,20.98
28/02/19,21.33
01/03/19,19.65
04/03/19,19.02
05/03/19,18.44
06/03/19,18.42
07/03/19,18.44
08/03/19,18.94
11/03/19,19.39
12/03/19,18.89
13/03/19,19.26
14/03/19,19.33
15/03/19,18.36
18/03/19,17.97
19/03/19,17.83
20/03/19,18.24
21/03/19,18.27
22/03/19,17.64
25/03/19,17.36
26/03/19,17.85
27/03/19,18.32
28/03/19,18.57
29/03/19,18.66
01/04/19,19.28
02/04/19,19.06
03/04/19,19.45
04/04/19,17.85
05/04/19,18.33
08/04/19,18.21
09/04/19,18.15
10/04/19,18.4
11/04/19,17.89
12/04/19,17.85
15/04/19,17.76
16/04/19,18.22
17/04/19,18.08
18/04/19,18.22
22/04/19,17.52
23/04/19,17.59
24/04/19,17.24
25/04/19,16.51
26/04/19,15.68
29/04/19,16.1
30/04/19,15.91
01/05/19,15.6
02/05/19,16.27
03/05/19,17
06/05/19,17.02
07/05/19,16.47
08/05/19,16.32
09/05/19,16.13
10/05/19,15.97
13/05/19,15.13
14/05/19,15.49
15/05/19,15.46
16/05/19,15.22
17/05/19,14.07
20/05/19,13.69
21/05/19,13.67
22/05/19,12.85
23/05/19,13.03
24/05/19,12.71
28/05/19,12.58
29/05/19,12.66
30/05/19,12.55
31/05/19,12.34
03/06/19,11.93
04/06/19,12.91
05/06/19,13.11
06/06/19,13.73
07/06/19,13.63
10/06/19,14.19
11/06/19,14.47
12/06/19,13.95
13/06/19,14.26
14/06/19,14.33
17/06/19,15
18/06/19,14.98
19/06/19,15.1
20/06/19,14.64
21/06/19,14.79
24/06/19,14.91
25/06/19,14.65
26/06/19,14.62
27/06/19,14.86
28/06/19,14.9
01/07/19,15.14
02/07/19,14.97
03/07/19,15.66
05/07/19,15.54
08/07/19,15.36
09/07/19,15.34
10/07/19,15.93
11/07/19,15.91
12/07/19,16.34
15/07/19,16.9
16/07/19,16.83
17/07/19,16.99
18/07/19,16.9
19/07/19,17.21
22/07/19,17.05
23/07/19,17.34
24/07/19,17.66
25/07/19,15.25
26/07/19,15.2
29/07/19,15.72
30/07/19,16.15
31/07/19,16.11
01/08/19,15.59
02/08/19,15.62
05/08/19,15.22
06/08/19,15.38
07/08/19,15.56
08/08/19,15.89
09/08/19,15.67
12/08/19,15.27
13/08/19,15.67
14/08/19,14.64
15/08/19,14.38
16/08/19,14.66
19/08/19,15.12
20/08/19,15.06
21/08/19,14.72
22/08/19,14.81
23/08/19,14.09
26/08/19,14.33
27/08/19,14.27
28/08/19,14.37
29/08/19,14.78
30/08/19,15.04
03/09/19,15
04/09/19,14.71
05/09/19,15.31
06/09/19,15.16
09/09/19,15.45
10/09/19,15.7
11/09/19,16.47
12/09/19,16.39
13/09/19,16.35
16/09/19,16.19
17/09/19,16.32
18/09/19,16.23
19/09/19,16.44
20/09/19,16.04
23/09/19,16.08
24/09/19,14.88
25/09/19,15.25
26/09/19,16.17
27/09/19,16.14
30/09/19,16.06
01/10/19,16.31
02/10/19,16.21
03/10/19,15.54
04/10/19,15.43
07/10/19,15.85
08/10/19,16
09/10/19,16.3
10/10/19,16.32
11/10/19,16.53
14/10/19,17.13
15/10/19,17.19
16/10/19,17.32
17/10/19,17.46
18/10/19,17.13
21/10/19,16.9
22/10/19,17.04
23/10/19,16.98
24/10/19,19.98
25/10/19,21.88
28/10/19,21.85
29/10/19,21.08
30/10/19,21
31/10/19,20.99
01/11/19,20.89
04/11/19,21.16
05/11/19,21.15
06/11/19,21.77
07/11/19,22.37
08/11/19,22.48
11/11/19,23.01
12/11/19,23.33
13/11/19,23.07
14/11/19,23.29
15/11/19,23.48
18/11/19,23.33
19/11/19,23.97
20/11/19,23.48
21/11/19,23.66
22/11/19,22.2
25/11/19,22.42
26/11/19,21.93
27/11/19,22.09
29/11/19,22
02/12/19,22.32
03/12/19,22.41
04/12/19,22.2
05/12/19,22.02
06/12/19,22.39
09/12/19,22.64
10/12/19,23.26
11/12/19,23.51
12/12/19,23.98
13/12/19,23.89
16/12/19,25.43
17/12/19,25.27
18/12/19,26.21
19/12/19,26.94
20/12/19,27.04
23/12/19,27.95
24/12/19,28.35
26/12/19,28.73
27/12/19,28.69
30/12/19,27.65
31/12/19,27.89
02/01/20,28.68
03/01/20,29.53
06/01/20,30.1
07/01/20,31.27
08/01/20,32.81
09/01/20,32.09
10/01/20,31.88
13/01/20,34.99
14/01/20,35.86
15/01/20,34.57
16/01/20,34.23
17/01/20,34.03
21/01/20,36.48
22/01/20,37.97
23/01/20,38.15
24/01/20,37.65
27/01/20,37.2
28/01/20,37.79
29/01/20,38.73
30/01/20,42.72
31/01/20,43.37
03/02/20,52
04/02/20,59.14
05/02/20,48.98
06/02/20,49.93
07/02/20,49.87
10/02/20,51.42
11/02/20,51.63
12/02/20,51.15
13/02/20,53.6
14/02/20,53.34
18/02/20,57.23
19/02/20,61.16
20/02/20,59.96
21/02/20,60.07
24/02/20,55.59
25/02/20,53.33
26/02/20,51.92
27/02/20,45.27
28/02/20,44.53
02/03/20,49.57
03/03/20,49.7
04/03/20,49.97
05/03/20,48.3
06/03/20,46.9
09/03/20,40.53
10/03/20,43.02
11/03/20,42.28
12/03/20,37.37
13/03/20,36.44
16/03/20,29.67
17/03/20,28.68
18/03/20,24.08
19/03/20,28.51
20/03/20,28.5
23/03/20,28.95
24/03/20,33.67
25/03/20,35.95
26/03/20,35.21
27/03/20,34.29
30/03/20,33.48
31/03/20,34.93
01/04/20,32.1
02/04/20,30.3
03/04/20,32
06/04/20,34.42
07/04/20,36.36
08/04/20,36.59
09/04/20,38.2
13/04/20,43.4
14/04/20,47.33
15/04/20,48.66
16/04/20,49.68
17/04/20,50.26
20/04/20,49.76
21/04/20,45.78
22/04/20,48.81
23/04/20,47.04
24/04/20,48.34
27/04/20,53.25
28/04/20,51.27
29/04/20,53.37
30/04/20,52.13
01/05/20,46.75
04/05/20,50.75
05/05/20,51.21
06/05/20,52.17
07/05/20,52
08/05/20,54.63
11/05/20,54.09
12/05/20,53.96
13/05/20,52.73
14/05/20,53.56
15/05/20,53.28
18/05/20,54.24
19/05/20,53.87
20/05/20,54.37
21/05/20,55.17
22/05/20,54.46
26/05/20,54.59
27/05/20,54.68
28/05/20,53.72
29/05/20,55.67
01/06/20,59.87
02/06/20,58.77
03/06/20,58.86
04/06/20,57.63
05/06/20,59.04
08/06/20,63.33
09/06/20,62.71
10/06/20,68.34
11/06/20,64.86
12/06/20,62.35
15/06/20,66.06
16/06/20,65.48
17/06/20,66.12
18/06/20,66.93
19/06/20,66.73
22/06/20,66.29
23/06/20,66.79
24/06/20,64.06
25/06/20,65.73
26/06/20,63.98
29/06/20,67.29
30/06/20,71.99
01/07/20,74.64
02/07/20,80.58
06/07/20,91.44
07/07/20,92.66
08/07/20,91.06
09/07/20,92.95
10/07/20,102.98
13/07/20,99.8
14/07/20,101.12
15/07/20,103.07
16/07/20,100.04
17/07/20,100.06
20/07/20,109.53
21/07/20,104.56
22/07/20,106.16
23/07/20,100.87
24/07/20,94.47
27/07/20,102.64
28/07/20,98.43
29/07/20,99.94
30/07/20,99.17
31/07/20,95.38
03/08/20,99
04/08/20,99.13
05/08/20,99
06/08/20,99.31
07/08/20,96.85
10/08/20,94.57
11/08/20,91.63
12/08/20,103.65
13/08/20,108.07
14/08/20,110.05
17/08/20,122.38
18/08/20,125.81
19/08/20,125.24
20/08/20,133.46
21/08/20,136.67
24/08/20,134.28
25/08/20,134.89
26/08/20,143.54
27/08/20,149.25
28/08/20,147.56
31/08/20,166.11
01/09/20,158.35
02/09/20,149.12
03/09/20,135.67
04/09/20,139.44
08/09/20,110.07
09/09/20,122.09
10/09/20,123.78
11/09/20,124.24
14/09/20,139.87
15/09/20,149.92
16/09/20,147.25
17/09/20,141.14
18/09/20,147.38
21/09/20,149.8
22/09/20,141.41
23/09/20,126.79
24/09/20,129.26
25/09/20,135.78
28/09/20,140.4
29/09/20,139.69
30/09/20,143
01/10/20,149.39
02/10/20,138.36
05/10/20,141.89
06/10/20,137.99
07/10/20,141.77
08/10/20,141.97
09/10/20,144.67
12/10/20,147.43
13/10/20,148.88
14/10/20,153.77
15/10/20,149.63
16/10/20,146.56
19/10/20,143.61
20/10/20,140.65
21/10/20,140.88
22/10/20,141.93
23/10/20,140.21
26/10/20,140.09
27/10/20,141.56
28/10/20,135.34
29/10/20,136.94
30/10/20,129.35
02/11/20,133.5
03/11/20,141.3
04/11/20,140.33
05/11/20,146.03
06/11/20,143.32
09/11/20,140.42
10/11/20,136.79
11/11/20,139.04
12/11/20,137.25
13/11/20,136.17
16/11/20,136.03
17/11/20,147.2
18/11/20,162.21
19/11/20,166.42
20/11/20,163.2
23/11/20,173.95
24/11/20,185.13
25/11/20,191.33
27/11/20,195.25
30/11/20,189.2
01/12/20,194.92
02/12/20,189.61
03/12/20,197.79
04/12/20,199.68
07/12/20,213.92
08/12/20,216.63
09/12/20,201.49
10/12/20,209.02
11/12/20,203.33
14/12/20,213.28
15/12/20,211.08
16/12/20,207.59
17/12/20,218.63
18/12/20,231.67
21/12/20,216.62
22/12/20,213.45
23/12/20,215.33
24/12/20,220.59
28/12/20,221.23
29/12/20,222
30/12/20,231.59
31/12/20,235.22
04/01/21,243.26
05/01/21,245.04
06/01/21,251.99
07/01/21,272.01
08/01/21,293.34
11/01/21,270.4
12/01/21,283.15
13/01/21,284.8
14/01/21,281.67
15/01/21,275.39
19/01/21,281.52
20/01/21,283.48
21/01/21,281.66
22/01/21,282.21
25/01/21,293.6
26/01/21,294.36
27/01/21,288.05
28/01/21,278.48
29/01/21,264.51
01/02/21,279.94
02/02/21,290.93
03/02/21,284.9
04/02/21,283.33
05/02/21,284.08
08/02/21,287.81
09/02/21,283.15
10/02/21,268.27
11/02/21,270.55
12/02/21,272.04
16/02/21,265.41
17/02/21,266.05
18/02/21,262.46
19/02/21,260.43
22/02/21,238.17
23/02/21,232.95
24/02/21,247.34
25/02/21,227.41
26/02/21,225.17
01/03/21,239.48
02/03/21,228.81
03/03/21,217.73
04/03/21,207.15
05/03/21,199.32
08/03/21,187.67
09/03/21,224.53
10/03/21,222.69
11/03/21,233.2
12/03/21,231.24
15/03/21,235.98
16/03/21,225.63
17/03/21,233.94
18/03/21,217.72
19/03/21,218.29
22/03/21,223.33
23/03/21,220.72
24/03/21,210.09
25/03/21,213.46
26/03/21,206.24
29/03/21,203.76
30/03/21,211.87
31/03/21,222.64
01/04/21,220.58
05/04/21,230.35
06/04/21,230.54
07/04/21,223.66
08/04/21,227.93
09/04/21,225.67
12/04/21,233.99
13/04/21,254.11
14/04/21,244.08
15/04/21,246.28
16/04/21,246.59
19/04/21,238.21
20/04/21,239.66
21/04/21,248.04
22/04/21,239.9
23/04/21,243.13
26/04/21,246.07
27/04/21,234.91
28/04/21,231.47
29/04/21,225.67
30/04/21,236.48
03/05/21,228.3
04/05/21,224.53
05/05/21,223.65
06/05/21,221.18
07/05/21,224.12
10/05/21,209.68
11/05/21,205.73
12/05/21,196.63
13/05/21,190.56
14/05/21,196.58
17/05/21,192.28
18/05/21,192.62
19/05/21,187.82
20/05/21,195.59
21/05/21,193.63
24/05/21,202.15
25/05/21,201.56
26/05/21,206.38
27/05/21,210.28
28/05/21,208.41
01/06/21,207.97
02/06/21,201.71
03/06/21,190.95
04/06/21,199.68
07/06/21,201.71
08/06/21,201.2
09/06/21,199.59
10/06/21,203.37
11/06/21,203.3
14/06/21,205.9
15/06/21,199.79
16/06/21,201.62
17/06/21,205.53
18/06/21,207.77
21/06/21,206.94
22/06/21,207.9
23/06/21,218.86
24/06/21,226.61
25/06/21,223.96
28/06/21,229.57
29/06/21,226.92
30/06/21,226.57
01/07/21,225.97
02/07/21,226.3
06/07/21,219.86
07/07/21,214.88
08/07/21,217.6
09/07/21,218.98
12/07/21,228.57
13/07/21,222.85
14/07/21,217.79
15/07/21,216.87
16/07/21,214.74
19/07/21,215.41
20/07/21,220.17
21/07/21,218.43
22/07/21,216.42
23/07/21,214.46
26/07/21,219.21
27/07/21,214.93
28/07/21,215.66
29/07/21,225.78
30/07/21,229.07
02/08/21,236.56
03/08/21,236.58
04/08/21,236.97
05/08/21,238.21
06/08/21,233.03
09/08/21,237.92
10/08/21,236.66
11/08/21,235.94
12/08/21,240.75
13/08/21,239.06
16/08/21,228.72
17/08/21,221.9
18/08/21,229.66
19/08/21,224.49
20/08/21,226.75
23/08/21,235.43
24/08/21,236.16
25/08/21,237.07
26/08/21,233.72
27/08/21,237.31
30/08/21,243.64
31/08/21,245.24
01/09/21,244.7
02/09/21,244.13
03/09/21,244.52
07/09/21,250.97
08/09/21,251.29
09/09/21,251.62
10/09/21,245.42
13/09/21,247.67
14/09/21,248.16
15/09/21,251.94
16/09/21,252.33
17/09/21,253.16
20/09/21,243.39
21/09/21,246.46
22/09/21,250.65
23/09/21,251.21
24/09/21,258.13
27/09/21,263.79
28/09/21,259.19
29/09/21,260.44
30/09/21,258.49
01/10/21,258.41
04/10/21,260.51
05/10/21,260.2
06/10/21,260.92
07/10/21,264.54
08/10/21,261.83
11/10/21,263.98
12/10/21,268.57
13/10/21,270.36
14/10/21,272.77
15/10/21,281.01
18/10/21,290.04
19/10/21,288.09
20/10/21,288.6
21/10/21,298
22/10/21,303.23
25/10/21,341.62
26/10/21,339.48
27/10/21,345.95
28/10/21,359.01
29/10/21,371.33
01/11/21,402.86
02/11/21,390.67
03/11/21,404.62
04/11/21,409.97
05/11/21,407.36
08/11/21,387.65
09/11/21,341.17
10/11/21,355.98
11/11/21,354.5
12/11/21,344.47
15/11/21,337.8
16/11/21,351.58
17/11/21,363
18/11/21,365.46
19/11/21,379.02
22/11/21,385.62
23/11/21,369.68
24/11/21,372
26/11/21,360.64
29/11/21,379
30/11/21,381.59
01/12/21,365
02/12/21,361.53
03/12/21,338.32
06/12/21,336.34
07/12/21,350.58
08/12/21,356.32
09/12/21,334.6
10/12/21,339.01
13/12/21,322.14
14/12/21,319.5
15/12/21,325.33
16/12/21,308.97
17/12/21,310.86
20/12/21,299.98
21/12/21,312.84
22/12/21,336.29
23/12/21,355.67
27/12/21,364.65
28/12/21,362.82
29/12/21,362.06
30/12/21,356.78
31/12/21,352.26
03/01/22,399.93
04/01/22,383.2
05/01/22,362.71
06/01/22,354.9
07/01/22,342.32
10/01/22,352.71
11/01/22,354.8
12/01/22,368.74
13/01/22,343.85
14/01/22,349.87
18/01/22,343.5
19/01/22,331.88
20/01/22,332.09
21/01/22,314.63
24/01/22,310
25/01/22,306.13
26/01/22,312.47
27/01/22,276.37
28/01/22,282.12
31/01/22,312.24
01/02/22,310.42
02/02/22,301.89
03/02/22,297.05
04/02/22,307.77
07/02/22,302.45
08/02/22,307.33
09/02/22,310.67
10/02/22,301.52
11/02/22,286.67
14/02/22,291.92
15/02/22,307.48
16/02/22,307.8
17/02/22,292.12
18/02/22,285.66
22/02/22,273.84
23/02/22,254.68
24/02/22,266.92
25/02/22,269.96
28/02/22,290.14
01/03/22,288.12
02/03/22,293.3
03/03/22,279.76
04/03/22,279.43
07/03/22,268.19
08/03/22,274.8
09/03/22,286.32
10/03/22,279.43
11/03/22,265.12
14/03/22,255.46
15/03/22,267.3
16/03/22,280.08
17/03/22,290.53
18/03/22,301.8
21/03/22,307.05
22/03/22,331.33
23/03/22,333.04
24/03/22,337.97
25/03/22,336.88
28/03/22,363.95
29/03/22,366.52
30/03/22,364.66
31/03/22,359.2
01/04/22,361.53
04/04/22,381.82
05/04/22,363.75
06/04/22,348.59
07/04/22,352.42
08/04/22,341.83
11/04/22,325.31
12/04/22,328.98
13/04/22,340.79
14/04/22,328.33
18/04/22,334.76
19/04/22,342.72
20/04/22,325.73
21/04/22,336.26
22/04/22,335.02
25/04/22,332.67
26/04/22,292.14
27/04/22,293.84
28/04/22,292.5
29/04/22,290.25
02/05/22,300.98
03/05/22,303.08
04/05/22,317.54
05/05/22,291.09
06/05/22,288.55
09/05/22,262.37
10/05/22,266.68
11/05/22,244.67
12/05/22,242.67
13/05/22,256.53
16/05/22,241.46
17/05/22,253.87
18/05/22,236.6
19/05/22,236.47
20/05/22,221.3
23/05/22,224.97
24/05/22,209.39
25/05/22,219.6
26/05/22,235.91
27/05/22,253.21
31/05/22,252.75
01/06/22,246.79
02/06/22,258.33
03/06/22,234.52
06/06/22,238.28
07/06/22,238.89
08/06/22,241.87
09/06/22,239.71
10/06/22,232.23
13/06/22,215.74
14/06/22,220.89
15/06/22,233
16/06/22,213.1
17/06/22,216.76
21/06/22,237.04
22/06/22,236.09
23/06/22,235.07
24/06/22,245.71
27/06/22,244.92
28/06/22,232.66
29/06/22,228.49
30/06/22,224.47
01/07/22,227.26
05/07/22,233.07
06/07/22,231.73
07/07/22,244.54
08/07/22,250.76
11/07/22,234.34
12/07/22,233.07
13/07/22,237.04
14/07/22,238.31
15/07/22,240.07
18/07/22,240.55
19/07/22,245.53
20/07/22,247.5
21/07/22,271.71
22/07/22,272.24
25/07/22,268.43
26/07/22,258.86
27/07/22,274.82
28/07/22,280.9
29/07/22,297.15
01/08/22,297.28
02/08/22,300.59
03/08/22,307.4
04/08/22,308.63
05/08/22,288.17
08/08/22,290.42
09/08/22,283.33
10/08/22,294.36
11/08/22,286.63
12/08/22,300.03
15/08/22,309.32
16/08/22,306.56
17/08/22,304
18/08/22,302.87
19/08/22,296.67
22/08/22,289.91
23/08/22,296.45
24/08/22,297.1
25/08/22,296.07
26/08/22,288.09
29/08/22,284.82
30/08/22,277.7
31/08/22,275.61
01/09/22,277.16
02/09/22,270.21
06/09/22,274.42
07/09/22,283.7
08/09/22,289.26
09/09/22,299.68
12/09/22,304.42
13/09/22,292.13
14/09/22,302.61
15/09/22,303.75
16/09/22,303.35
19/09/22,309.07
20/09/22,308.73
21/09/22,300.8
22/09/22,288.59
23/09/22,275.33
26/09/22,276.01
27/09/22,282.94
28/09/22,287.81
29/09/22,268.21
30/09/22,265.25
03/10/22,242.4
04/10/22,249.44
05/10/22,240.81
06/10/22,238.13
07/10/22,223.07
10/10/22,222.96
11/10/22,216.5
12/10/22,217.24
13/10/22,221.72
14/10/22,204.99
17/10/22,219.35
18/10/22,220.19
19/10/22,222.04
20/10/22,207.28
21/10/22,214.44
24/10/22,211.25
25/10/22,222.42
26/10/22,224.64
27/10/22,225.09
28/10/22,228.52
31/10/22,227.54
01/11/22,227.82
02/11/22,214.98
03/11/22,215.31
04/11/22,207.47
07/11/22,197.08
08/11/22,191.3
09/11/22,177.59
10/11/22,190.72
11/11/22,195.97
14/11/22,190.95
15/11/22,194.42
16/11/22,186.92
17/11/22,183.17
18/11/22,180.19
21/11/22,167.87
22/11/22,169.91
23/11/22,183.2
25/11/22,182.86
28/11/22,182.92
29/11/22,180.83
30/11/22,194.7
01/12/22,194.7
02/12/22,194.86
05/12/22,182.45
06/12/22,179.82
07/12/22,174.04
08/12/22,173.44
09/12/22,179.05
12/12/22,167.82
13/12/22,160.95
14/12/22,156.8
15/12/22,157.67
16/12/22,150.23
19/12/22,149.87
20/12/22,137.8
21/12/22,137.57
22/12/22,125.35
23/12/22,123.15
27/12/22,109.1
28/12/22,112.71
29/12/22,121.82
30/12/22,123.18
03/01/23,108.1
04/01/23,113.64
05/01/23,110.34
06/01/23,113.06
09/01/23,119.77
10/01/23,118.85
11/01/23,123.22
12/01/23,123.56
13/01/23,122.4
17/01/23,131.49
18/01/23,128.78
19/01/23,127.17
20/01/23,133.42
23/01/23,143.75
24/01/23,143.89
25/01/23,144.43
26/01/23,160.27
27/01/23,177.9
30/01/23,166.66
31/01/23,173.22
01/02/23,181.41
02/02/23,188.27
03/02/23,189.98
06/02/23,194.76
07/02/23,196.81
08/02/23,201.29
09/02/23,207.32
10/02/23,196.89
13/02/23,194.64
14/02/23,209.25
15/02/23,214.24
16/02/23,202.04
17/02/23,208.31
21/02/23,197.37
22/02/23,200.86
23/02/23,202.07
24/02/23,196.88
27/02/23,207.63
28/02/23,205.71
01/03/23,202.77
02/03/23,190.9
03/03/23,197.79
06/03/23,193.81
07/03/23,187.71
08/03/23,182
09/03/23,172.92
10/03/23,173.44
13/03/23,174.48
14/03/23,183.26
15/03/23,180.45
16/03/23,184.13
17/03/23,180.13
20/03/23,183.25
21/03/23,197.58
22/03/23,191.15
23/03/23,192.22
24/03/23,190.41
27/03/23,191.81
28/03/23,189.19
29/03/23,193.88
30/03/23,195.28
31/03/23,207.46
03/04/23,194.77
04/04/23,192.58
05/04/23,185.52
06/04/23,185.06
10/04/23,184.51
11/04/23,186.79
12/04/23,180.54
13/04/23,185.9
14/04/23,185
17/04/23,187.04
18/04/23,184.31
19/04/23,180.59
20/04/23,162.99
21/04/23,165.08
24/04/23,162.55
25/04/23,160.67
26/04/23,153.75
27/04/23,160.19
28/04/23,164.31
01/05/23,161.83
02/05/23,160.31
03/05/23,160.61
04/05/23,161.2
05/05/23,170.06
08/05/23,171.79
09/05/23,169.15
10/05/23,168.54
11/05/23,172.08
12/05/23,167.98
15/05/23,166.35
16/05/23,166.52
17/05/23,173.86
18/05/23,176.89
19/05/23,180.14
22/05/23,188.87
23/05/23,185.77
24/05/23,182.9
25/05/23,184.47
26/05/23,193.17
30/05/23,201.16
31/05/23,203.93
01/06/23,207.52
02/06/23,213.97
05/06/23,217.61
06/06/23,221.31
07/06/23,224.57
08/06/23,234.86
09/06/23,244.4
12/06/23,249.83
13/06/23,258.71
14/06/23,256.79
15/06/23,255.9
16/06/23,260.54
20/06/23,274.45
21/06/23,259.46
22/06/23,264.61
23/06/23,256.6
26/06/23,241.05
27/06/23,250.21
28/06/23,256.24
29/06/23,257.5
30/06/23,261.77
03/07/23,279.82
05/07/23,282.48
06/07/23,276.54
07/07/23,274.43
10/07/23,269.61
11/07/23,269.79
12/07/23,271.99
13/07/23,277.9
14/07/23,281.38
17/07/23,290.38
18/07/23,293.34
19/07/23,291.26
20/07/23,262.9
21/07/23,260.02
24/07/23,269.06
25/07/23,265.28
26/07/23,264.35
27/07/23,255.71
28/07/23,266.44
31/07/23,267.43
01/08/23,261.07
02/08/23,254.11
03/08/23,259.32
04/08/23,253.86
07/08/23,251.45
08/08/23,249.7
09/08/23,242.19
10/08/23,245.34
11/08/23,242.65
14/08/23,239.76
15/08/23,232.96
16/08/23,225.6
17/08/23,219.22
18/08/23,215.49
21/08/23,231.28
22/08/23,233.19
23/08/23,236.86
24/08/23,230.04
25/08/23,238.59
28/08/23,238.82
29/08/23,257.18
30/08/23,256.9
31/08/23,258.08
01/09/23,245.01
05/09/23,256.49
06/09/23,251.92
07/09/23,251.49
08/09/23,248.5
11/09/23,273.58
12/09/23,267.48
13/09/23,271.3
14/09/23,276.04
15/09/23,274.39
18/09/23,265.28
19/09/23,266.5
20/09/23,262.59
21/09/23,255.7
22/09/23,244.88
25/09/23,246.99
26/09/23,244.12
27/09/23,240.5
28/09/23,246.38
29/09/23,250.22
02/10/23,251.6
03/10/23,246.53
04/10/23,261.16
05/10/23,260.05
06/10/23,260.53
09/10/23,259.67
10/10/23,263.62
11/10/23,262.99
12/10/23,258.87
13/10/23,251.12
16/10/23,253.92
17/10/23,254.85
18/10/23,242.68
19/10/23,220.11
20/10/23,211.99
23/10/23,212.08
24/10/23,216.52
25/10/23,212.42
26/10/23,205.76
27/10/23,207.3
30/10/23,197.36
31/10/23,200.84
01/11/23,205.66
02/11/23,218.51
03/11/23,219.96
06/11/23,219.27
07/11/23,222.18
08/11/23,222.11
09/11/23,209.98
10/11/23,214.65
13/11/23,223.71
14/11/23,237.41
15/11/23,242.84
16/11/23,233.59
17/11/23,234.3
20/11/23,235.6
21/11/23,241.2
22/11/23,234.21
24/11/23,235.45
27/11/23,236.08
28/11/23,246.72
29/11/23,244.14
30/11/23,240.08
01/12/23,238.83
04/12/23,235.58
05/12/23,238.72
06/12/23,239.37
07/12/23,242.64
08/12/23,243.84
11/12/23,239.74
12/12/23,237.01
13/12/23,239.29
14/12/23,251.05
15/12/23,253.5
18/12/23,252.08
19/12/23,257.22
20/12/23,247.14
21/12/23,254.5
22/12/23,252.54
26/12/23,256.61
27/12/23,261.44
28/12/23,253.18
29/12/23,248.48
02/01/24,248.42
03/01/24,238.45
04/01/24,237.93
05/01/24,237.49
08/01/24,240.45
09/01/24,234.96
10/01/24,233.94
11/01/24,227.22
12/01/24,218.89
16/01/24,219.91
17/01/24,215.55
18/01/24,211.88
19/01/24,212.19
22/01/24,208.8
23/01/24,209.14
24/01/24,207.83
25/01/24,182.63
26/01/24,183.25
29/01/24,190.93
30/01/24,191.59
31/01/24,187.29
01/02/24,188.86
02/02/24,187.91
05/02/24,181.06
06/02/24,185.1
07/02/24,187.58
08/02/24,189.56
09/02/24,193.57
12/02/24,188.13
13/02/24,184.02
14/02/24,188.71
15/02/24,200.45
16/02/24,199.95
20/02/24,193.76
21/02/24,194.77
22/02/24,197.41
23/02/24,191.97
26/02/24,199.4
27/02/24,199.73
28/02/24,202.04
29/02/24,201.88
01/03/24,202.64
04/03/24,188.14
05/03/24,180.74
06/03/24,176.54
07/03/24,178.65
08/03/24,175.34
11/03/24,177.77
12/03/24,177.54
13/03/24,169.48
14/03/24,162.5
15/03/24,163.57
18/03/24,173.8
19/03/24,171.32
20/03/24,175.66
21/03/24,172.82
22/03/24,170.83
25/03/24,172.63
26/03/24,177.67
27/03/24,179.83
28/03/24,175.79
01/04/24,175.22
02/04/24,166.63
03/04/24,168.38
04/04/24,171.11
05/04/24,164.9
08/04/24,172.98
09/04/24,176.88
10/04/24,171.76
11/04/24,174.6
12/04/24,171.05
15/04/24,161.48
16/04/24,157.11
17/04/24,155.45
18/04/24,149.93
19/04/24,147.05
22/04/24,142.05
23/04/24,144.68
24/04/24,162.13
25/04/24,170.18
