date,close,close_detrended
28/04/14,107.07,-1.460000000000008
29/04/14,107.5,-1.181666666666672
30/04/14,108.42,-0.30714285714286405
01/05/14,109.73,0.9650000000000034
02/05/14,109.93,1.2333333333333485
05/05/14,109.44,0.7259999999999849
06/05/14,109.0,0.07200000000000273
07/05/14,109.03,-0.28600000000000136
08/05/14,108.15,-1.3670000000000044
09/05/14,108.87,-0.6239999999999952
12/05/14,109.21,-0.25200000000002376
13/05/14,111.38,2.0010000000000048
14/05/14,110.43,1.1839999999999975
15/05/14,109.5,0.3509999999999991
16/05/14,109.61,0.3270000000000124
19/05/14,108.61,-0.7499999999999858
20/05/14,107.67,-1.7800000000000011
21/05/14,108.06,-1.242999999999995
22/05/14,109.49,0.08099999999997465
23/05/14,109.64,-0.13000000000000966
27/05/14,110.11,-0.09399999999999409
28/05/14,109.91,-0.9249999999999972
29/05/14,111.49,-0.02599999999999625
30/05/14,113.11,0.9409999999999883
02/06/14,113.95,1.2150000000000176
03/06/14,114.92,1.6420000000000101
04/06/14,114.48,0.8260000000000076
05/06/14,114.59,0.521000000000015
06/06/14,115.15,0.8040000000000305
09/06/14,115.07,0.6110000000000042
10/06/14,113.87,-0.6419999999999817
11/06/14,114.06,-0.4310000000000116
12/06/14,114.26,-0.387999999999991
13/06/14,114.24,-0.7239999999999895
16/06/14,114.48,-0.7909999999999968
17/06/14,114.71,-0.7759999999999962
18/06/14,116.05,0.2960000000000065
19/06/14,117.75,1.6550000000000011
20/06/14,118.22,1.7859999999999872
23/06/14,117.22,0.3259999999999934
24/06/14,116.55,-0.862000000000009
25/06/14,117.47,-0.6970000000000027
26/06/14,117.65,-1.0999999999999943
27/06/14,118.84,-0.3079999999999927
30/06/14,119.66,0.2179999999999893
01/07/14,122.26,2.510000000000005
02/07/14,121.88,1.7809999999999917
03/07/14,121.73,1.5730000000000075
07/07/14,121.16,0.9159999999999968
08/07/14,120.3,0.04000000000000625
09/07/14,120.04,-0.12499999999998579
10/07/14,118.05,-1.804000000000002
11/07/14,118.52,-0.9839999999999947
14/07/14,119.0,-0.22100000000000364
15/07/14,118.71,-0.2610000000000099
16/07/14,119.15,0.291000000000011
17/07/14,118.38,-0.41800000000000637
18/07/14,118.9,-0.03100000000000591
21/07/14,118.66,-0.3819999999999908
22/07/14,119.18,-0.01999999999999602
23/07/14,119.43,0.042999999999992156
24/07/14,119.38,-0.09600000000000364
25/07/14,119.63,0.19299999999998363
28/07/14,120.58,1.274000000000001
29/07/14,120.58,1.328000000000003
30/07/14,120.04,0.8029999999999973
31/07/14,117.99,-0.9650000000000034
01/08/14,117.59,-1.0949999999999847
04/08/14,118.12,-0.3650000000000091
05/08/14,119.03,0.9270000000000067
06/08/14,116.61,-1.159000000000006
07/08/14,116.68,-0.8779999999999859
08/08/14,117.63,0.09700000000000841
11/08/14,116.76,-0.703000000000003
12/08/14,117.24,-0.132000000000005
13/08/14,117.93,0.7660000000000196
14/08/14,117.74,0.6669999999999874
15/08/14,116.89,-0.09299999999998931
18/08/14,117.21,0.5810000000000031
19/08/14,116.95,0.5100000000000193
20/08/14,115.7,-0.5240000000000009
21/08/14,115.78,-0.1419999999999959
22/08/14,114.09,-1.5010000000000048
25/08/14,114.87,-0.4639999999999844
26/08/14,115.08,-0.1529999999999916
27/08/14,114.91,-0.22400000000001796
28/08/14,114.43,-0.7390000000000043
29/08/14,114.32,-0.910000000000025
02/09/14,116.2,0.7750000000000057
03/09/14,115.96,0.5199999999999818
04/09/14,116.05,0.4690000000000083
05/09/14,116.39,0.6629999999999967
08/09/14,116.04,0.045000000000001705
09/09/14,115.02,-1.2590000000000003
10/09/14,116.49,0.07199999999998852
11/09/14,116.37,-0.1869999999999834
12/09/14,117.11,0.2149999999999892
15/09/14,117.16,0.028000000000005798
16/09/14,117.59,0.16100000000000136
17/09/14,117.35,-0.402000000000001
18/09/14,119.43,1.4420000000000215
19/09/14,118.76,0.6219999999999999
22/09/14,119.01,0.7180000000000035
23/09/14,118.25,-0.07800000000001717
24/09/14,118.85,0.5279999999999916
25/09/14,117.87,-0.3819999999999908
26/09/14,118.65,0.8930000000000149
29/09/14,117.52,0.022999999999996135
30/09/14,117.53,0.2639999999999958
01/10/14,116.65,-0.37299999999999045
02/10/14,114.48,-2.284000000000006
03/10/14,116.16,-0.26900000000000546
06/10/14,116.7,0.7390000000000185
07/10/14,115.82,0.3439999999999941
08/10/14,116.26,1.3750000000000142
09/10/14,114.52,0.29399999999999693
10/10/14,113.97,0.17399999999999238
13/10/14,112.67,-0.4889999999999901
14/10/14,111.62,-1.2000000000000028
15/10/14,110.06,-2.5130000000000052
16/10/14,110.18,-1.9939999999999998
17/10/14,109.79,-2.2730000000000103
20/10/14,113.31,1.1929999999999978
21/10/14,113.35,1.065999999999974
22/10/14,112.27,-0.36199999999999477
23/10/14,113.41,0.20300000000000296
24/10/14,114.51,0.7349999999999994
27/10/14,114.34,-0.590999999999994
28/10/14,115.1,-0.7000000000000028
29/10/14,115.81,-0.5949999999999989
30/10/14,115.86,-1.4550000000000125
31/10/14,121.35,3.3930000000000007
03/11/14,122.0,3.6269999999999953
04/11/14,119.4,0.6639999999999873
05/11/14,121.37,2.2299999999999898
06/11/14,119.83,0.3920000000000101
07/11/14,118.67,-1.1640000000000157
10/11/14,117.97,-1.7110000000000127
11/11/14,119.14,-0.19999999999998863
12/11/14,118.79,-0.6169999999999902
13/11/14,119.82,0.5150000000000006
14/11/14,119.82,0.525999999999982
17/11/14,118.59,-0.965999999999994
18/11/14,120.07,0.16499999999997783
19/11/14,120.35,0.17799999999999727
20/11/14,119.72,-0.7430000000000092
21/11/14,121.29,0.49600000000002353
24/11/14,121.46,0.15399999999999636
25/11/14,121.81,-0.29399999999999693
26/11/14,121.7,-1.1680000000000064
28/11/14,123.13,-0.5629999999999882
01/12/14,124.94,0.3160000000000167
02/12/14,126.57,1.233000000000004
03/12/14,127.71,1.6829999999999927
04/12/14,128.6,2.204999999999984
05/12/14,129.03,2.196000000000012
08/12/14,128.42,1.4449999999999932
09/12/14,128.36,1.724000000000018
10/12/14,125.49,-0.6830000000000069
11/12/14,126.09,0.36599999999999966
12/12/14,124.54,-0.7980000000000018
15/12/14,121.55,-3.5859999999999985
16/12/14,121.94,-3.0180000000000007
17/12/14,123.22,-1.578000000000003
18/12/14,124.74,-0.18500000000000227
19/12/14,127.01,1.8840000000000003
22/12/14,126.64,1.2309999999999803
23/12/14,126.76,0.9150000000000063
24/12/14,126.76,0.561000000000007
26/12/14,128.1,1.6559999999999917
29/12/14,127.37,1.0630000000000166
30/12/14,125.91,0.09399999999999409
31/12/14,125.48,-0.18899999999997874
02/01/15,125.67,-0.08100000000000307
05/01/15,123.37,-2.312999999999988
06/01/15,122.1,-3.3770000000000095
07/01/15,125.17,-0.21100000000001273
08/01/15,127.58,2.2079999999999984
09/01/15,126.08,0.578000000000003
12/01/15,126.04,0.21699999999999875
13/01/15,126.41,0.007999999999995566
14/01/15,125.82,-1.2379999999999995
15/01/15,126.78,-0.7469999999999999
16/01/15,128.88,1.1450000000000102
20/01/15,129.16,0.84699999999998
21/01/15,128.66,-0.15900000000002024
22/01/15,129.86,0.5870000000000175
23/01/15,129.66,-0.24600000000000932
26/01/15,131.86,1.747000000000014
27/01/15,131.1,0.7659999999999911
28/01/15,130.95,0.42199999999999704
29/01/15,132.15,1.2199999999999989
30/01/15,128.85,-2.2680000000000007
02/02/15,131.09,-0.018999999999977035
03/02/15,131.1,0.2609999999999957
04/02/15,132.68,1.8660000000000139
05/02/15,131.74,0.9190000000000111
06/02/15,129.57,-1.2180000000000177
09/02/15,129.16,-1.9919999999999902
10/02/15,130.85,-0.40100000000001046
11/02/15,131.02,-0.5370000000000061
12/02/15,131.82,0.002999999999985903
13/02/15,132.49,0.1570000000000107
17/02/15,132.08,-0.9939999999999998
18/02/15,134.16,0.16799999999997794
19/02/15,135.28,0.686000000000007
20/02/15,136.9,1.7279999999999802
23/02/15,136.98,1.453000000000003
24/02/15,138.34,2.4749999999999943
25/02/15,136.87,0.6730000000000018
26/02/15,136.8,0.46700000000001296
27/02/15,135.37,-0.9250000000000114
02/03/15,135.87,-0.22399999999998954
03/03/15,135.4,-0.5349999999999966
04/03/15,135.52,0.05000000000001137
05/03/15,134.9,-0.28300000000001546
06/03/15,134.89,-0.3660000000000423
09/03/15,135.39,0.054000000000002046
10/03/15,133.69,-1.8109999999999786
11/03/15,134.0,-1.6569999999999823
12/03/15,137.53,1.4170000000000016
13/03/15,136.17,-0.46299999999999386
16/03/15,137.52,0.06699999999997885
17/03/15,136.96,-1.48599999999999
18/03/15,140.08,0.5510000000000161
19/03/15,140.1,-0.4099999999999966
20/03/15,143.09,2.0219999999999914
23/03/15,145.32,3.6289999999999907
24/03/15,144.52,2.3259999999999934
25/03/15,143.81,1.322999999999979
26/03/15,143.11,0.7830000000000155
27/03/15,142.4,0.08099999999998886
30/03/15,142.55,0.4760000000000275
31/03/15,139.89,-1.6239999999999952
01/04/15,138.48,-2.5759999999999934
02/04/15,140.02,-0.6459999999999866
06/04/15,140.64,0.3199999999999932
07/04/15,139.72,-0.11600000000001387
08/04/15,139.94,0.4930000000000234
09/04/15,139.91,0.5439999999999827
10/04/15,139.65,0.23400000000000887
13/04/15,137.56,-1.6970000000000027
14/04/15,138.66,-0.4059999999999775
15/04/15,139.08,-0.14699999999999136
16/04/15,138.98,-0.41900000000001114
17/04/15,138.43,-1.0809999999999889
20/04/15,138.73,-0.9370000000000118
21/04/15,141.33,1.3530000000000086
22/04/15,141.66,1.3429999999999893
23/04/15,141.03,0.5420000000000016
24/04/15,141.21,0.7179999999999893
27/04/15,140.66,0.014999999999986358
28/04/15,142.06,1.2820000000000107
29/04/15,140.79,0.38999999999998636
30/04/15,139.02,-0.9299999999999784
01/05/15,139.96,0.32099999999999795
04/05/15,140.06,0.3300000000000125
05/05/15,137.55,-1.8589999999999804
06/05/15,137.16,-1.8089999999999975
07/05/15,137.92,-0.632000000000005
08/05/15,142.12,3.6750000000000114
11/05/15,137.45,-0.9360000000000355
12/05/15,137.66,-0.6630000000000109
13/05/15,136.62,-1.900999999999982
14/05/15,137.95,-0.7560000000000002
15/05/15,139.37,0.5120000000000005
18/05/15,139.43,0.9619999999999891
19/05/15,139.53,1.0370000000000061
20/05/15,139.01,0.4060000000000059
21/05/15,139.44,0.5240000000000009
22/05/15,138.22,-0.6899999999999977
26/05/15,137.7,-0.9970000000000141
27/05/15,138.77,0.35900000000000887
28/05/15,139.74,1.538000000000011
29/05/15,137.89,-0.09600000000003206
01/06/15,137.24,-0.35300000000000864
02/06/15,136.57,-0.5159999999999911
03/06/15,137.44,0.8940000000000055
04/06/15,136.85,0.7569999999999766
05/06/15,135.51,-0.12700000000000955
08/06/15,133.15,-2.2469999999999857
09/06/15,132.3,-2.923999999999978
10/06/15,134.24,-0.9329999999999927
11/06/15,135.18,0.26400000000001
12/06/15,135.49,0.811000000000007
15/06/15,135.51,0.9799999999999898
16/06/15,136.06,1.296999999999997
17/06/15,134.87,-0.37299999999999045
18/06/15,134.48,-0.8789999999999907
19/06/15,134.02,-1.3080000000000211
22/06/15,135.48,0.15500000000000114
23/06/15,137.1,2.080999999999989
24/06/15,135.4,0.6120000000000232
25/06/15,134.87,0.20900000000000318
26/06/15,135.46,0.9720000000000084
29/06/15,132.45,-1.9089999999999918
30/06/15,133.75,-0.2990000000000066
01/07/15,133.6,0.44999999999998863
02/07/15,132.75,0.23699999999999477
06/07/15,132.73,0.5519999999999641
07/07/15,132.38,0.40399999999999636
08/07/15,128.11,-3.9659999999999798
09/07/15,129.03,-3.069999999999993
10/07/15,131.52,-0.796999999999997
13/07/15,133.44,0.8619999999999663
14/07/15,133.45,0.5909999999999798
15/07/15,133.99,0.9130000000000109
16/07/15,135.77,2.1049999999999898
17/07/15,135.36,1.2730000000000246
20/07/15,135.54,1.3499999999999943
21/07/15,134.56,0.5349999999999966
22/07/15,133.99,0.12600000000000477
23/07/15,133.25,-0.4720000000000084
24/07/15,132.55,-0.8220000000000027
27/07/15,131.79,-1.391999999999996
28/07/15,131.84,-1.1059999999999945
29/07/15,132.57,0.09499999999999886
30/07/15,132.27,0.36299999999999955
31/07/15,133.46,1.9969999999999857
03/08/15,133.18,1.9769999999999754
04/08/15,129.85,-1.2830000000000155
05/08/15,128.31,-2.539999999999992
06/08/15,128.81,-1.5250000000000057
07/08/15,129.95,0.06299999999998818
10/08/15,131.09,1.7300000000000182
11/08/15,129.01,0.18099999999998317
12/08/15,127.42,-1.2109999999999985
13/08/15,127.79,-0.6140000000000185
14/08/15,128.19,0.4170000000000016
17/08/15,127.87,1.1869999999999834
18/08/15,127.87,2.9440000000000026
19/08/15,126.04,2.6780000000000115
20/08/15,122.5,0.09600000000000364
21/08/15,119.05,-2.5319999999999965
24/08/15,113.52,-7.320000000000007
25/08/15,113.37,-6.521000000000001
26/08/15,117.84,-0.6979999999999791
27/08/15,119.57,1.8739999999999952
28/08/15,120.77,3.3629999999999995
31/08/15,118.38,1.2279999999999944
01/09/15,114.34,-3.584000000000003
02/09/15,117.62,-1.0289999999999964
03/09/15,119.61,0.9510000000000076
04/09/15,116.5,-1.911999999999992
08/09/15,121.24,3.269999999999996
09/09/15,120.62,2.4920000000000044
10/09/15,117.94,-0.9540000000000077
11/09/15,117.1,-2.15600000000002
14/09/15,116.35,-2.826999999999998
15/09/15,119.96,0.4899999999999949
16/09/15,122.0,2.896000000000001
17/09/15,121.24,2.4469999999999885
18/09/15,118.82,0.0660000000000025
21/09/15,119.43,0.5349999999999966
22/09/15,117.58,-1.2019999999999982
23/09/15,117.51,-0.7009999999999792
24/09/15,117.55,-0.18899999999999295
25/09/15,118.51,1.061000000000007
28/09/15,115.22,-2.420000000000016
29/09/15,114.25,-3.679000000000002
30/09/15,117.28,-0.9830000000000041
01/10/15,118.34,-0.44299999999998363
02/10/15,120.73,1.3539999999999992
05/10/15,122.32,2.5349999999999824
06/10/15,120.92,0.34600000000000364
07/10/15,122.71,1.4539999999999935
08/10/15,123.48,1.947000000000017
09/10/15,122.6,0.6570000000000107
12/10/15,123.11,0.8440000000000083
13/10/15,121.07,-1.3189999999999884
14/10/15,120.05,-2.4679999999999893
15/10/15,122.44,-0.1770000000000067
16/10/15,123.96,1.1679999999999922
19/10/15,123.55,0.4440000000000026
20/10/15,122.21,-1.1180000000000092
21/10/15,123.7,-0.003999999999990678
22/10/15,125.23,0.8950000000000102
23/10/15,125.74,1.3249999999999886
26/10/15,125.33,1.0490000000000066
27/10/15,124.83,0.5739999999999981
28/10/15,126.36,1.9860000000000042
29/10/15,123.24,-1.1199999999999903
30/10/15,122.62,-1.703000000000003
02/11/15,123.3,-0.7409999999999854
03/11/15,123.39,-0.3399999999999892
04/11/15,123.56,-0.04600000000002069
05/11/15,124.86,1.566999999999993
06/11/15,122.92,-0.2220000000000084
09/11/15,122.22,-0.7870000000000203
10/11/15,123.59,0.708999999999989
11/11/15,123.23,0.37300000000000466
12/11/15,121.73,-1.2620000000000005
13/11/15,121.27,-1.6250000000000142
16/11/15,122.04,-0.9299999999999926
17/11/15,123.15,0.0899999999999892
18/11/15,124.91,1.8070000000000022
19/11/15,123.89,0.724000000000018
20/11/15,123.67,0.2400000000000091
23/11/15,123.12,-0.6249999999999716
24/11/15,124.02,-0.11299999999999955
25/11/15,123.86,-0.5320000000000107
27/11/15,124.37,-0.0030000000000001137
30/11/15,124.42,-0.15399999999999636
01/12/15,125.92,1.1979999999999933
02/12/15,125.74,1.078000000000003
03/12/15,124.72,0.06999999999999318
04/12/15,125.9,1.1470000000000056
07/12/15,125.15,0.46700000000001296
08/12/15,122.52,-1.9710000000000178
09/12/15,123.9,-0.21600000000000819
10/12/15,124.89,0.6820000000000022
11/12/15,123.67,-0.5460000000000065
14/12/15,122.5,-1.5649999999999835
15/12/15,122.17,-1.845000000000013
16/12/15,126.66,2.3389999999999986
17/12/15,124.8,0.15399999999999636
18/12/15,124.39,-0.3440000000000083
21/12/15,124.65,-0.16400000000000148
22/12/15,125.58,0.539999999999992
23/12/15,127.15,2.0049999999999955
24/12/15,125.77,0.9869999999999806
28/12/15,124.47,0.021000000000000796
29/12/15,124.76,0.6360000000000099
30/12/15,123.22,-0.277000000000001
31/12/15,123.04,0.5439999999999969
04/01/16,121.46,0.37300000000000466
05/01/16,121.14,1.1490000000000151
06/01/16,118.38,-0.7469999999999999
07/01/16,115.57,-2.5800000000000125
08/01/16,113.06,-4.396999999999991
11/01/16,114.81,-1.6029999999999802
12/01/16,115.83,0.06100000000002126
13/01/16,114.99,0.1839999999999975
14/01/16,116.29,2.2120000000000033
15/01/16,112.6,-1.5160000000000196
19/01/16,115.02,0.8689999999999998
20/01/16,111.51,-2.595000000000013
21/01/16,111.1,-2.9540000000000077
22/01/16,115.95,1.7830000000000155
25/01/16,113.41,-1.130999999999986
26/01/16,114.35,-0.9710000000000036
27/01/16,115.32,-0.3990000000000151
28/01/16,116.12,0.05299999999999727
29/01/16,120.03,3.6440000000000055
01/02/16,120.4,4.570000000000007
02/02/16,119.0,3.597999999999999
03/02/16,114.99,0.33899999999999864
04/02/16,114.29,0.4939999999999998
05/02/16,110.39,-2.3020000000000067
08/02/16,109.13,-2.085000000000008
09/02/16,106.84,-3.156000000000006
10/02/16,106.77,-2.138999999999996
11/02/16,105.08,-3.075000000000003
12/02/16,105.26,-1.9969999999999857
16/02/16,108.21,1.3230000000000075
17/02/16,108.13,1.5939999999999799
18/02/16,107.45,1.1389999999999958
19/02/16,105.31,-0.8810000000000002
22/02/16,106.69,0.492999999999995
23/02/16,105.62,-0.4609999999999843
24/02/16,104.59,-1.3109999999999928
25/02/16,105.57,-0.21699999999999875
26/02/16,105.14,-0.7590000000000003
29/02/16,104.1,-2.223000000000013
01/03/16,106.41,-0.0350000000000108
02/03/16,106.99,0.5249999999999915
03/03/16,108.57,1.938999999999993
04/03/16,109.55,2.7680000000000007
07/03/16,107.91,0.715999999999994
08/03/16,105.82,-1.8590000000000089
09/03/16,106.25,-1.509999999999991
10/03/16,107.08,-0.7349999999999852
11/03/16,109.26,1.5090000000000003
14/03/16,108.95,1.494000000000014
15/03/16,107.22,-0.15899999999999181
16/03/16,107.54,-0.11699999999999022
17/03/16,107.93,0.08799999999999386
18/03/16,106.6,-1.166000000000011
21/03/16,107.14,-0.5689999999999884
22/03/16,108.6,0.9509999999999934
23/03/16,108.1,0.4129999999999825
24/03/16,106.32,-1.2449999999999903
28/03/16,108.69,1.563999999999993
29/03/16,108.35,1.7459999999999951
30/03/16,107.6,1.8360000000000127
31/03/16,106.32,1.4650000000000034
01/04/16,103.54,-0.33199999999999363
04/04/16,101.38,-1.926000000000002
05/04/16,98.74,-3.5400000000000063
06/04/16,99.51,-2.0929999999999893
07/04/16,98.27,-2.9990000000000094
08/04/16,100.66,-0.472999999999999
11/04/16,98.43,-2.7169999999999987
12/04/16,101.58,0.23499999999999943
13/04/16,104.26,2.3190000000000026
14/04/16,104.96,2.4849999999999994
15/04/16,103.68,0.48799999999999955
18/04/16,103.36,-0.5110000000000099
19/04/16,104.7,-0.0619999999999834
20/04/16,104.85,-0.4860000000000184
21/04/16,105.44,-0.10699999999999932
22/04/16,107.45,2.1029999999999944
25/04/16,107.34,2.1910000000000025
26/04/16,107.32,2.260000000000005
27/04/16,106.37,1.6350000000000193
28/04/16,102.96,-1.3519999999999897
29/04/16,101.7,-2.1950000000000074
02/05/16,102.47,-0.8760000000000048
03/05/16,101.45,-1.4230000000000018
04/05/16,100.62,-2.003
05/05/16,101.27,-0.5600000000000165
06/05/16,101.96,0.2879999999999967
09/05/16,102.61,1.1290000000000049
10/05/16,104.82,3.5039999999999907
11/05/16,98.44,-2.7920000000000016
12/05/16,101.38,0.05699999999998795
13/05/16,99.79,-1.3669999999999902
16/05/16,100.82,-0.20199999999999818
17/05/16,100.61,-0.10599999999999454
18/05/16,101.53,1.2319999999999993
19/05/16,99.61,-1.1059999999999945
20/05/16,100.61,-0.19499999999999318
23/05/16,99.55,-1.335000000000008
24/05/16,100.64,-0.5039999999999907
25/05/16,102.62,1.2039999999999935
26/05/16,102.27,0.625
27/05/16,100.59,-1.4439999999999884
31/05/16,103.41,0.8829999999999956
01/06/16,103.33,0.20899999999998897
02/06/16,103.82,0.1979999999999933
03/06/16,103.5,-0.30999999999998806
06/06/16,105.54,1.6370000000000147
07/06/16,105.49,1.4770000000000039
08/06/16,105.65,1.8700000000000045
09/06/16,104.5,0.8049999999999926
10/06/16,103.2,-0.3120000000000118
13/06/16,101.69,-1.7960000000000207
14/06/16,101.08,-2.4320000000000164
15/06/16,102.48,-1.1949999999999932
16/06/16,101.99,-1.769999999999996
17/06/16,103.24,-1.0649999999999977
20/06/16,105.8,1.418999999999997
21/06/16,107.12,2.882000000000019
22/06/16,106.5,2.384999999999991
23/06/16,109.95,5.930999999999997
24/06/16,103.96,0.14099999999999113
27/06/16,100.26,-3.198999999999984
28/06/16,99.85,-2.9470000000000027
29/06/16,101.52,-0.5430000000000064
30/06/16,99.99,-1.4820000000000135
01/07/16,99.64,-1.043999999999997
05/07/16,99.18,-1.6739999999999924
06/07/16,99.78,-1.7019999999999982
07/07/16,100.59,-1.6929999999999978
08/07/16,102.07,-0.8590000000000089
11/07/16,105.66,1.8480000000000132
12/07/16,106.54,1.791000000000011
13/07/16,107.86,2.1729999999999876
14/07/16,107.98,1.340999999999994
15/07/16,108.82,1.353999999999985
18/07/16,109.01,0.7830000000000013
19/07/16,108.56,-0.0689999999999884
20/07/16,109.3,0.3649999999999807
21/07/16,108.86,-0.3459999999999894
22/07/16,109.68,0.19600000000001216
25/07/16,109.68,-0.08200000000000784
26/07/16,109.6,-0.38400000000000034
27/07/16,110.57,0.4449999999999932
28/07/16,110.76,0.5580000000000069
29/07/16,111.6,1.0529999999999973
01/08/16,111.23,0.05500000000000682
02/08/16,109.97,-1.9780000000000086
03/08/16,110.07,-2.6599999999999966
04/08/16,112.31,-1.0579999999999785
05/08/16,115.96,1.8909999999999911
08/08/16,117.41,2.72199999999998
09/08/16,117.42,2.096999999999994
10/08/16,116.95,0.8960000000000008
11/08/16,117.77,0.8029999999999831
12/08/16,117.79,0.1600000000000108
15/08/16,117.58,-0.416000000000011
16/08/16,117.28,-1.0330000000000155
17/08/16,119.2,0.6490000000000009
18/08/16,118.94,-0.0059999999999860165
19/08/16,119.62,0.42199999999999704
22/08/16,120.58,1.2990000000000066
23/08/16,119.8,0.2430000000000092
24/08/16,120.9,0.9470000000000027
25/08/16,120.29,0.19400000000000261
26/08/16,118.62,-1.6839999999999975
29/08/16,120.34,-0.20999999999999375
30/08/16,121.24,0.6809999999999974
31/08/16,120.63,-0.022999999999996135
01/09/16,121.02,0.35599999999998033
02/09/16,122.08,1.5789999999999935
06/09/16,120.67,-0.0040000000000048885
07/09/16,120.74,0.2189999999999941
08/09/16,121.01,0.867999999999995
09/09/16,118.66,-1.2360000000000042
12/09/16,120.35,1.0930000000000035
13/09/16,118.81,0.2540000000000049
14/09/16,117.45,-0.6849999999999881
15/09/16,118.17,0.16400000000000148
16/09/16,114.63,-3.3549999999999898
19/09/16,115.07,-2.8149999999999977
20/09/16,116.46,-1.0999999999999943
21/09/16,119.45,1.938999999999993
22/09/16,120.8,3.271000000000001
23/09/16,117.66,0.34900000000000375
26/09/16,117.1,-0.3539999999999992
27/09/16,118.32,0.8469999999999942
28/09/16,117.63,0.2699999999999818
29/09/16,115.99,-1.132000000000005
30/09/16,116.06,-0.6260000000000048
03/10/16,115.26,-1.248999999999981
04/10/16,115.33,-1.1110000000000042
05/10/16,117.07,0.9289999999999878
06/10/16,116.44,0.546999999999997
07/10/16,115.89,0.12700000000000955
10/10/16,116.42,0.7539999999999907
11/10/16,115.32,-0.36300000000002797
12/10/16,115.15,-0.5049999999999955
13/10/16,114.69,-0.7469999999999857
14/10/16,115.09,-0.31699999999999307
17/10/16,115.43,0.08500000000000796
18/10/16,115.05,-0.1980000000000075
19/10/16,114.89,-0.3510000000000133
20/10/16,116.14,0.8640000000000043
21/10/16,115.27,-0.02200000000000557
24/10/16,115.45,0.18600000000002126
25/10/16,115.25,-0.03699999999999193
26/10/16,115.5,0.24500000000000455
27/10/16,114.85,-0.2540000000000049
28/10/16,114.81,0.0030000000000143245
31/10/16,115.66,1.3240000000000123
01/11/16,114.73,0.6910000000000167
02/11/16,113.38,-0.5150000000000148
03/11/16,113.17,-0.35599999999999454
04/11/16,110.56,-2.566999999999993
07/11/16,112.48,-0.3610000000000042
08/11/16,113.81,1.3569999999999993
09/11/16,111.81,-0.41899999999999693
10/11/16,110.86,-1.2879999999999967
11/11/16,111.95,-0.2049999999999983
14/11/16,111.78,-0.722999999999999
15/11/16,112.49,-0.21599999999999397
16/11/16,112.57,-0.13300000000000978
17/11/16,113.24,0.2669999999999959
18/11/16,114.04,0.37300000000000466
21/11/16,114.51,0.27299999999999613
22/11/16,113.78,-1.1090000000000089
23/11/16,114.51,-0.9830000000000041
25/11/16,117.8,1.786999999999992
28/11/16,117.65,1.2780000000000058
29/11/16,118.3,1.5760000000000218
30/11/16,118.53,1.4690000000000083
01/12/16,117.77,-0.0589999999999975
02/12/16,116.83,-1.8289999999999935
05/12/16,117.56,-1.6169999999999902
06/12/16,117.88,-1.7179999999999893
07/12/16,121.46,1.384999999999991
08/12/16,122.81,2.4819999999999993
09/12/16,122.98,2.2310000000000088
12/12/16,121.86,0.6939999999999884
13/12/16,123.07,1.4760000000000133
14/12/16,121.06,-0.9129999999999967
15/12/16,121.98,0.0420000000000158
16/12/16,121.0,-0.722999999999999
19/12/16,121.84,0.32499999999998863
20/12/16,121.67,0.402000000000001
21/12/16,121.11,0.30700000000000216
22/12/16,120.66,0.25900000000000034
23/12/16,120.9,0.9770000000000039
27/12/16,119.39,-0.2879999999999967
28/12/16,118.42,-1.193000000000012
29/12/16,117.04,-2.450000000000003
30/12/16,117.2,-2.1920000000000073
03/01/17,118.55,-0.75
04/01/17,121.19,2.004000000000005
05/01/17,120.44,1.201999999999984
06/01/17,120.13,0.7700000000000102
09/01/17,119.74,0.10300000000000864
10/01/17,119.76,0.0020000000000095497
11/01/17,119.91,0.1280000000000001
12/01/17,119.64,0.04599999999999227
13/01/17,119.81,0.3680000000000234
17/01/17,118.41,-0.847999999999999
18/01/17,118.79,-0.25799999999999557
19/01/17,119.31,0.33200000000000784
20/01/17,118.92,0.0350000000000108
23/01/17,118.29,-0.29999999999999716
24/01/17,117.64,-0.5760000000000076
25/01/17,119.06,1.1099999999999994
26/01/17,118.98,1.3829999999999956
27/01/17,116.69,-0.42899999999998784
30/01/17,116.07,-0.6690000000000111
31/01/17,115.75,-0.49100000000001387
01/02/17,115.26,-0.5209999999999866
02/02/17,114.53,-0.671999999999997
03/02/17,115.12,0.6239999999999952
06/02/17,113.31,-0.8060000000000116
07/02/17,113.04,-0.8819999999999908
08/02/17,113.27,-0.5240000000000151
09/02/17,111.92,-1.708999999999989
10/02/17,112.89,-0.6209999999999951
13/02/17,114.13,0.7609999999999957
14/02/17,114.47,1.0019999999999953
15/02/17,113.61,0.006000000000000227
16/02/17,113.35,-0.3859999999999957
17/02/17,113.7,-0.22099999999997522
21/02/17,114.3,0.24399999999999977
22/02/17,114.4,0.4420000000000073
23/02/17,114.59,0.6049999999999898
24/02/17,113.77,-0.19299999999999784
27/02/17,114.24,0.2779999999999774
28/02/17,113.15,-0.7329999999999899
01/03/17,114.74,1.0219999999999914
02/03/17,113.39,-0.06799999999999784
03/03/17,113.34,0.1220000000000141
06/03/17,112.91,-0.19700000000000273
07/03/17,112.65,-0.37299999999999045
08/03/17,111.8,-1.1170000000000044
09/03/17,112.19,-0.5770000000000124
10/03/17,112.66,-0.09199999999999875
13/03/17,113.4,0.7610000000000241
14/03/17,112.09,-0.4579999999999984
15/03/17,113.24,0.8179999999999978
16/03/17,113.24,0.914999999999992
17/03/17,112.21,0.05299999999999727
20/03/17,112.0,-0.027000000000001023
21/03/17,111.39,-0.46999999999998465
22/03/17,110.83,-1.0620000000000118
23/03/17,110.51,-1.0829999999999984
24/03/17,111.36,0.08499999999999375
27/03/17,111.73,0.8140000000000214
28/03/17,112.41,1.8419999999999845
29/03/17,110.25,0.020000000000010232
30/03/17,110.06,0.2989999999999924
31/03/17,108.62,-0.6400000000000148
03/04/17,108.52,-0.1950000000000074
04/04/17,108.01,-0.13000000000000966
05/04/17,106.14,-1.3989999999999867
06/04/17,105.5,-1.5579999999999927
07/04/17,105.91,-0.5600000000000023
10/04/17,105.98,-0.23999999999999488
11/04/17,106.4,0.5
12/04/17,105.44,-0.12100000000000932
13/04/17,104.18,-1.3669999999999902
17/04/17,106.12,0.4650000000000034
18/04/17,105.32,-0.44299999999999784
19/04/17,104.62,-1.4169999999999874
20/04/17,106.0,-0.387999999999991
21/04/17,106.58,-0.2049999999999983
24/04/17,106.99,-0.1910000000000025
25/04/17,108.72,1.320999999999998
26/04/17,109.91,2.1189999999999856
27/04/17,109.41,1.1939999999999884
28/04/17,108.14,-0.3919999999999959
01/05/17,108.3,-0.5649999999999835
02/05/17,109.24,0.05500000000000682
03/05/17,108.87,-0.28899999999998727
04/05/17,109.16,0.41100000000000136
05/05/17,109.91,1.4179999999999922
08/05/17,110.19,1.8659999999999997
09/05/17,108.46,0.3249999999999744
10/05/17,105.81,-2.0929999999999893
11/05/17,106.84,-0.7549999999999955
12/05/17,106.46,-0.8960000000000008
15/05/17,106.41,-0.7110000000000127
16/05/17,106.92,0.06799999999999784
17/05/17,105.79,-1.024000000000001
18/05/17,106.77,-0.1950000000000074
19/05/17,107.56,0.5489999999999924
22/05/17,107.5,0.42499999999999716
23/05/17,108.08,0.8579999999999899
24/05/17,107.32,0.036000000000001364
25/05/17,107.3,-0.24500000000000455
26/05/17,107.1,-0.7049999999999983
30/05/17,107.88,0.05499999999999261
31/05/17,107.54,-0.3149999999999835
01/06/17,108.4,0.6000000000000085
02/06/17,109.37,1.7240000000000038
05/06/17,107.76,0.269999999999996
06/06/17,107.8,0.375
07/06/17,107.53,0.15200000000000102
08/06/17,105.78,-1.51400000000001
09/06/17,105.74,-1.2920000000000158
12/06/17,106.45,-0.13500000000000512
13/06/17,107.41,1.1310000000000002
14/06/17,106.7,0.8190000000000026
15/06/17,105.78,0.19600000000001216
16/06/17,104.9,-0.6549999999999869
19/06/17,104.7,-0.8049999999999926
20/06/17,103.82,-1.5379999999999967
21/06/17,104.56,-0.5109999999999957
22/06/17,105.49,0.5580000000000069
23/06/17,105.24,0.45199999999998397
26/06/17,104.98,0.18000000000000682
27/06/17,104.54,-0.39299999999998647
28/06/17,105.31,-0.09399999999999409
29/06/17,104.34,-1.3530000000000086
30/06/17,105.02,-0.9710000000000178
03/07/17,106.03,-0.25899999999998613
05/07/17,108.53,1.9180000000000064
06/07/17,107.45,0.3049999999999926
07/07/17,108.47,0.8719999999999999
10/07/17,108.22,0.036000000000001364
11/07/17,108.21,-0.5050000000000097
12/07/17,109.87,0.7579999999999956
13/07/17,109.84,0.6110000000000042
14/07/17,110.2,0.7319999999999993
17/07/17,110.33,0.7780000000000058
18/07/17,110.0,0.3289999999999935
19/07/17,109.7,-0.1629999999999825
20/07/17,109.84,-0.11299999999999955
21/07/17,109.31,-0.8260000000000076
24/07/17,109.41,-0.9320000000000164
25/07/17,110.13,-0.46300000000000807
26/07/17,110.77,-0.2400000000000233
27/07/17,111.67,0.21100000000001273
28/07/17,112.26,0.5120000000000005
31/07/17,112.84,0.659000000000006
01/08/17,114.17,1.5170000000000101
02/08/17,114.19,1.1280000000000143
03/08/17,112.73,-0.5649999999999977
04/08/17,113.64,0.2739999999999867
07/08/17,114.13,0.7779999999999916
08/08/17,114.22,0.8489999999999895
09/08/17,113.1,-0.18200000000000216
10/08/17,112.38,-0.7220000000000084
11/08/17,112.12,-0.8539999999999992
14/08/17,113.03,0.2470000000000141
15/08/17,113.28,0.637999999999991
16/08/17,112.39,-0.11699999999999022
17/08/17,111.45,-1.0320000000000107
18/08/17,111.73,-0.7360000000000042
21/08/17,112.72,0.18199999999998795
22/08/17,112.87,0.40800000000001546
23/08/17,112.85,0.5079999999999814
24/08/17,112.22,-0.11199999999999477
25/08/17,112.84,0.3550000000000182
28/08/17,112.27,-0.34499999999998465
29/08/17,112.08,-0.625
30/08/17,112.29,-0.5010000000000048
31/08/17,112.98,0.04600000000000648
01/09/17,113.03,-0.17899999999998784
05/09/17,113.62,0.07200000000000273
06/09/17,113.73,-0.24499999999999034
07/09/17,114.28,-0.14799999999999613
08/09/17,114.97,0.06099999999997863
11/09/17,116.23,0.8499999999999801
12/09/17,116.54,0.7039999999999935
13/09/17,116.61,0.13000000000000966
14/09/17,117.1,-0.04400000000001114
15/09/17,117.69,-0.03100000000000591
18/09/17,117.59,-0.6969999999999885
19/09/17,120.06,1.2990000000000066
20/09/17,120.37,1.1299999999999955
21/09/17,120.05,0.32200000000000273
22/09/17,120.63,0.652000000000001
25/09/17,120.97,0.8439999999999799
26/09/17,121.33,1.0319999999999965
27/09/17,121.49,1.1640000000000015
28/09/17,119.6,-0.7860000000000014
29/09/17,119.17,-1.2949999999999875
02/10/17,119.31,-1.2790000000000106
03/10/17,120.34,-0.3190000000000168
04/10/17,120.97,0.03599999999998715
05/10/17,120.84,-0.30100000000000193
06/10/17,121.87,0.37000000000000455
09/10/17,121.67,-0.25099999999997635
10/10/17,124.08,1.7480000000000047
11/10/17,123.56,0.9310000000000116
12/10/17,123.19,0.23199999999999932
13/10/17,123.38,0.19899999999998386
16/10/17,123.42,0.05500000000002103
17/10/17,123.31,-0.16499999999999204
18/10/17,124.26,0.8050000000000068
19/10/17,123.07,-0.26300000000000523
20/10/17,123.71,0.31099999999999284
23/10/17,122.77,-0.7140000000000128
24/10/17,123.88,0.2990000000000066
25/10/17,122.34,-1.3100000000000023
26/10/17,123.85,0.18299999999999272
27/10/17,124.23,0.33900000000001285
30/10/17,124.39,0.3079999999999785
31/10/17,124.0,-0.3680000000000092
01/11/17,124.43,-0.29599999999999227
02/11/17,125.31,0.01999999999999602
03/11/17,125.62,0.16900000000001114
06/11/17,125.63,0.1529999999999916
07/11/17,127.46,1.855000000000004
08/11/17,127.98,2.2879999999999967
09/11/17,125.46,-0.15500000000001535
10/11/17,124.49,-1.031000000000006
13/11/17,125.67,0.3820000000000192
14/11/17,124.87,-0.2839999999999918
15/11/17,123.66,-1.3260000000000218
16/11/17,124.37,-0.42600000000000193
17/11/17,123.29,-1.5649999999999835
20/11/17,124.29,-0.7139999999999844
21/11/17,125.78,0.6469999999999914
22/11/17,126.08,0.7789999999999964
24/11/17,126.05,0.48100000000000875
27/11/17,125.98,0.41199999999999193
28/11/17,126.96,1.3289999999999935
29/11/17,126.55,0.9799999999999898
30/11/17,126.34,1.0510000000000161
01/12/17,124.36,-0.6600000000000108
04/12/17,123.92,-0.9399999999999835
05/12/17,123.68,-0.9749999999999943
06/12/17,122.97,-1.4139999999999873
07/12/17,123.39,-0.8310000000000031
08/12/17,124.45,0.36299999999998533
11/12/17,123.93,-0.15499999999998693
12/12/17,124.25,-0.17499999999999716
13/12/17,124.92,0.16199999999999193
14/12/17,125.0,-0.22400000000000375
15/12/17,124.34,-1.3729999999999905
18/12/17,127.32,1.2199999999999989
19/12/17,127.01,0.5050000000000097
20/12/17,127.63,0.7270000000000039
21/12/17,128.28,1.0420000000000158
22/12/17,128.32,0.8649999999999949
26/12/17,127.98,0.1220000000000141
27/12/17,128.23,0.09100000000000819
28/12/17,128.27,-0.38399999999998613
29/12/17,127.17,-2.106999999999985
02/01/18,128.37,-1.5559999999999832
03/01/18,130.13,-0.33600000000001273
04/01/18,132.16,0.8519999999999754
05/01/18,133.86,1.684000000000026
08/01/18,134.77,1.7009999999999934
09/01/18,133.72,-0.42900000000000205
10/01/18,136.4,1.0160000000000196
11/01/18,136.91,0.6760000000000161
12/01/18,137.2,0.19700000000000273
16/01/18,137.97,0.4130000000000109
17/01/18,140.72,2.7120000000000175
18/01/18,138.63,0.09099999999997976
19/01/18,139.85,1.1330000000000098
22/01/18,139.4,0.41799999999997794
23/01/18,139.28,0.06499999999999773
24/01/18,139.03,-0.3499999999999943
25/01/18,138.18,-0.9199999999999875
26/01/18,139.56,0.44299999999998363
29/01/18,139.53,0.73599999999999
30/01/18,139.62,1.5730000000000075
31/01/18,137.92,-0.07500000000001705
01/02/18,138.8,1.0200000000000102
02/02/18,136.62,-0.785000000000025
05/02/18,131.93,-5.175999999999988
06/02/18,138.76,1.7309999999999945
07/02/18,136.88,0.3089999999999975
08/02/18,134.43,-1.8959999999999866
09/02/18,136.57,0.5960000000000036
12/02/18,138.76,2.828000000000003
13/02/18,135.04,-1.2840000000000202
14/02/18,135.47,-0.4579999999999984
15/02/18,135.28,-0.48299999999997567
16/02/18,136.2,0.17700000000002092
20/02/18,135.85,-0.35900000000000887
21/02/18,134.8,-1.1359999999999673
22/02/18,135.23,-0.6620000000000061
23/02/18,137.03,1.646000000000015
26/02/18,138.43,3.5149999999999864
27/02/18,136.03,1.6370000000000289
28/02/18,134.6,0.657999999999987
01/03/18,130.39,-3.0540000000000305
02/03/18,130.59,-2.287000000000006
05/03/18,130.98,-1.1640000000000157
06/03/18,131.34,0.005000000000023874
07/03/18,129.82,-0.9120000000000061
08/03/18,129.56,-0.7119999999999891
09/03/18,129.7,-0.5720000000000027
12/03/18,130.34,0.13599999999999568
13/03/18,130.0,0.10999999999998522
14/03/18,130.0,0.3190000000000168
15/03/18,130.39,0.7629999999999768
16/03/18,129.91,0.5370000000000061
19/03/18,127.84,-1.0130000000000052
20/03/18,129.25,0.6999999999999886
21/03/18,129.28,0.9260000000000161
22/03/18,127.02,-1.2710000000000008
23/03/18,124.5,-3.7889999999999873
26/03/18,127.31,-0.6470000000000198
27/03/18,128.04,0.03200000000001069
28/03/18,129.37,1.51100000000001
29/03/18,130.37,2.698999999999998
02/04/18,126.59,-0.9159999999999968
03/04/18,128.35,0.6769999999999925
04/04/18,127.76,-0.007999999999995566
05/04/18,127.4,-0.34499999999997044
06/04/18,125.37,-2.301000000000002
09/04/18,126.17,-1.3170000000000073
10/04/18,128.26,0.5499999999999972
11/04/18,127.81,0.000999999999990564
12/04/18,128.63,0.6899999999999835
13/04/18,128.53,0.48099999999999454
16/04/18,128.82,0.3849999999999909
17/04/18,129.34,0.6150000000000091
18/04/18,129.07,0.22399999999998954
19/04/18,128.49,-0.6850000000000023
20/04/18,129.23,-0.24300000000002342
23/04/18,129.07,-0.6510000000000105
24/04/18,129.47,-0.46700000000001296
25/04/18,131.1,1.0
26/04/18,131.61,1.3990000000000293
27/04/18,131.01,0.6370000000000005
30/04/18,130.98,0.39799999999999613
01/05/18,130.97,0.14400000000000546
02/05/18,130.18,-0.7889999999999873
03/05/18,130.11,-1.377999999999986
04/05/18,131.32,-0.8460000000000036
07/05/18,131.51,-1.3619999999999948
08/05/18,130.9,-2.687999999999988
09/05/18,136.29,2.1769999999999925
10/05/18,138.39,3.5600000000000023
11/05/18,138.07,2.584000000000003
14/05/18,138.14,2.181999999999988
15/05/18,136.22,-0.23199999999999932
16/05/18,137.35,0.4140000000000157
17/05/18,136.67,-0.12000000000000455
18/05/18,136.04,-0.15500000000000114
21/05/18,136.45,1.065999999999974
22/05/18,135.74,1.5
23/05/18,134.83,1.4890000000000327
24/05/18,132.44,0.03700000000000614
25/05/18,129.96,-1.9070000000000107
29/05/18,126.7,-4.991
30/05/18,127.23,-4.161999999999992
31/05/18,127.97,-3.4650000000000034
01/06/18,131.31,-0.28700000000000614
04/06/18,134.28,2.3060000000000116
05/06/18,133.46,0.7670000000000243
06/06/18,136.17,2.691999999999979
07/06/18,136.45,2.1539999999999964
08/06/18,136.21,1.1670000000000016
11/06/18,137.15,1.6570000000000107
12/06/18,134.55,-1.1670000000000016
13/06/18,135.41,-0.5759999999999934
14/06/18,135.44,-0.36600000000001387
15/06/18,135.81,0.3830000000000098
18/06/18,136.52,1.6140000000000043
19/06/18,136.15,2.102000000000004
20/06/18,134.37,0.856000000000023
21/06/18,132.66,-0.02400000000002933
22/06/18,131.0,-1.0490000000000066
25/06/18,128.57,-2.779000000000025
26/06/18,129.21,-1.2800000000000011
27/06/18,127.11,-2.5050000000000097
28/06/18,129.09,0.005000000000023874
29/06/18,128.81,0.03499999999999659
02/07/18,127.93,-0.8149999999999977
03/07/18,127.4,-1.414999999999992
05/07/18,129.07,0.37000000000000455
06/07/18,129.56,0.65300000000002
09/07/18,130.7,1.7509999999999764
10/07/18,129.27,0.2510000000000332
11/07/18,128.06,-1.311000000000007
12/07/18,129.18,-0.6599999999999682
13/07/18,129.51,-0.5999999999999943
16/07/18,129.51,-0.8240000000000123
17/07/18,131.45,1.0129999999999768
18/07/18,132.09,1.3220000000000027
19/07/18,131.77,0.5870000000000175
20/07/18,131.8,0.20199999999999818
23/07/18,131.73,-0.36300000000002797
24/07/18,132.58,-0.060000000000002274
25/07/18,132.21,-0.4689999999999941
26/07/18,133.33,0.6970000000000027
27/07/18,134.46,1.8990000000000293
30/07/18,134.98,2.468999999999994
31/07/18,131.84,-0.3429999999999893
01/08/18,131.63,-0.14699999999999136
02/08/18,131.05,-0.2150000000000034
03/08/18,131.3,0.8230000000000075
06/08/18,128.45,-1.004000000000019
07/08/18,128.52,0.21400000000002706
08/08/18,127.09,-0.37700000000000955
09/08/18,125.45,-1.0390000000000015
10/08/18,124.23,-1.4300000000000068
13/08/18,123.5,-1.3580000000000183
14/08/18,123.45,-0.8900000000000006
15/08/18,121.85,-1.8950000000000102
16/08/18,122.76,-0.6499999999999915
17/08/18,123.28,0.18899999999999295
20/08/18,123.27,0.31799999999999784
21/08/18,122.57,-0.679000000000002
22/08/18,123.74,0.228999999999985
23/08/18,122.26,-1.8139999999999787
24/08/18,122.84,-1.4839999999999947
27/08/18,126.47,2.0660000000000025
28/08/18,126.07,1.7920000000000016
29/08/18,127.48,3.411999999999992
30/08/18,125.26,1.546999999999997
31/08/18,124.08,0.6629999999999967
04/09/18,122.01,-1.041000000000011
05/09/18,120.47,-1.926000000000002
06/09/18,120.19,-1.5900000000000034
07/09/18,119.3,-1.9280000000000257
10/09/18,119.18,-1.7499999999999858
11/09/18,119.92,-0.8500000000000085
12/09/18,119.91,-1.1620000000000061
13/09/18,121.96,0.4030000000000058
14/09/18,122.28,0.2470000000000141
17/09/18,122.48,-0.09499999999999886
18/09/18,125.03,1.9729999999999848
19/09/18,125.32,1.766999999999996
20/09/18,124.95,0.8740000000000094
21/09/18,124.72,0.3790000000000191
24/09/18,124.0,-0.5480000000000018
25/09/18,124.88,0.09799999999999898
26/09/18,125.14,0.29000000000000625
27/09/18,124.61,0.02199999999999136
28/09/18,124.35,0.03900000000000148
01/10/18,124.82,0.8310000000000031
02/10/18,125.71,1.948999999999998
03/10/18,122.7,-0.5650000000000119
04/10/18,122.18,-0.34899999999998954
05/10/18,121.5,-0.2430000000000092
08/10/18,121.72,0.7360000000000042
09/10/18,119.92,-0.14500000000001023
10/10/18,117.78,-1.5180000000000007
11/10/18,116.75,-2.051000000000016
12/10/18,116.76,-1.4899999999999949
15/10/18,115.63,-2.102000000000018
16/10/18,118.04,0.769999999999996
17/10/18,117.73,0.6550000000000011
18/10/18,116.67,-0.08399999999998897
19/10/18,116.32,-0.42500000000001137
22/10/18,117.1,0.3009999999999877
23/10/18,117.97,1.2029999999999887
24/10/18,114.57,-2.016999999999996
25/10/18,116.66,0.14100000000001955
26/10/18,117.3,0.6779999999999973
29/10/18,115.31,-1.2259999999999849
30/10/18,116.24,-0.12700000000000955
31/10/18,117.05,0.7219999999999942
01/11/18,117.7,0.8980000000000103
02/11/18,115.46,-1.404999999999987
05/11/18,115.41,-1.448999999999998
06/11/18,117.58,0.6950000000000074
07/11/18,119.31,2.5379999999999967
08/11/18,117.29,0.5350000000000108
09/11/18,117.24,0.5550000000000068
12/11/18,115.57,-1.2650000000000006
13/11/18,115.11,-1.8980000000000103
14/11/18,116.88,-0.09900000000000375
15/11/18,117.0,0.027000000000001023
16/11/18,116.96,-0.25500000000000966
19/11/18,117.14,-0.47800000000000864
20/11/18,117.29,-0.8710000000000093
21/11/18,119.25,0.4420000000000073
23/11/18,119.71,0.41199999999999193
26/11/18,121.27,1.5239999999999867
27/11/18,121.0,0.5990000000000038
28/11/18,121.58,0.8049999999999926
29/11/18,121.78,0.5510000000000019
30/11/18,121.48,0.17900000000000205
03/12/18,123.51,2.0859999999999985
04/12/18,120.88,-0.4579999999999984
06/12/18,121.83,0.4030000000000058
07/12/18,119.97,-1.3770000000000095
10/12/18,120.94,-0.23900000000000432
11/12/18,120.41,-0.5760000000000218
12/12/18,121.89,1.2539999999999907
13/12/18,120.78,0.29400000000001114
14/12/18,120.1,-0.04800000000000182
17/12/18,119.55,0.0030000000000001137
18/12/18,120.01,1.376000000000019
19/12/18,119.38,1.414999999999992
20/12/18,118.45,1.1260000000000048
21/12/18,113.96,-2.9200000000000017
24/12/18,111.81,-4.668000000000021
26/12/18,113.72,-2.4309999999999974
27/12/18,115.48,-0.1349999999999767
28/12/18,116.34,0.6899999999999977
31/12/18,116.08,0.14700000000000557
02/01/19,116.28,-0.48799999999999955
03/01/19,114.65,-3.228999999999985
04/01/19,119.73,0.7740000000000151
07/01/19,121.28,1.365000000000009
08/01/19,122.31,1.4899999999999949
09/01/19,122.92,1.0800000000000125
10/01/19,124.49,1.7120000000000033
11/01/19,125.07,1.2650000000000006
14/01/19,125.39,1.0229999999999961
15/01/19,126.28,1.6809999999999974
16/01/19,125.66,1.045000000000016
17/01/19,124.92,0.31400000000000716
18/01/19,125.35,0.820999999999998
22/01/19,123.6,-0.6700000000000159
23/01/19,122.47,-1.4879999999999995
24/01/19,122.83,-0.8039999999999878
25/01/19,123.72,0.33500000000000796
28/01/19,122.48,-0.6129999999999995
29/01/19,122.27,-0.578000000000003
30/01/19,123.04,0.2049999999999983
31/01/19,123.17,0.47699999999998965
01/02/19,122.0,-0.22100000000000364
04/02/19,122.9,1.3199999999999932
05/02/19,123.47,2.423000000000002
06/02/19,121.05,0.25199999999999534
07/02/19,118.11,-2.3470000000000226
08/02/19,117.31,-2.7550000000000097
11/02/19,117.15,-2.829999999999984
12/02/19,119.78,-0.05899999999998329
13/02/19,119.63,-0.14100000000000534
14/02/19,119.25,-0.539999999999992
15/02/19,121.15,0.9889999999999901
19/02/19,121.49,0.8189999999999884
20/02/19,122.79,1.51100000000001
21/02/19,121.24,-0.29299999999999216
22/02/19,121.82,0.14599999999998658
25/02/19,122.41,0.6270000000000095
26/02/19,123.23,1.7199999999999847
27/02/19,122.32,1.1329999999999814
28/02/19,121.04,0.3340000000000174
01/03/19,120.34,0.033999999999991815
04/03/19,118.42,-1.47499999999998
05/03/19,118.26,-1.3070000000000022
06/03/19,117.98,-1.1400000000000006
07/03/19,117.24,-1.5790000000000077
08/03/19,117.71,-0.7749999999999915
11/03/19,119.13,0.7819999999999965
12/03/19,118.76,0.3030000000000115
13/03/19,119.31,0.7060000000000031
14/03/19,117.7,-1.0729999999999933
15/03/19,118.97,-0.12299999999999045
18/03/19,119.51,0.16600000000002524
19/03/19,119.73,0.2500000000000142
20/03/19,119.67,-0.11099999999999
21/03/19,120.44,0.48699999999999477
22/03/19,120.22,0.12999999999999545
25/03/19,120.49,0.49499999999999034
26/03/19,121.77,1.7379999999999995
27/03/19,121.03,0.9060000000000059
28/03/19,119.07,-1.1939999999999884
29/03/19,118.02,-2.4080000000000013
01/04/19,119.88,-0.7800000000000153
02/04/19,120.65,-0.18500000000000227
03/04/19,121.07,0.20599999999998886
04/04/19,122.08,1.1009999999999849
05/04/19,122.54,1.3640000000000043
08/04/19,122.24,0.6260000000000048
09/04/19,122.06,0.23699999999999477
10/04/19,122.18,0.2470000000000141
11/04/19,121.04,-1.1940000000000026
12/04/19,122.4,-0.1419999999999959
15/04/19,121.97,-0.7339999999999947
16/04/19,121.75,-1.2240000000000038
17/04/19,124.08,1.024000000000001
18/04/19,125.16,2.003
22/04/19,124.16,0.7450000000000045
23/04/19,124.94,1.3839999999999861
24/04/19,122.88,-0.8390000000000128
25/04/19,123.19,-0.646000000000015
26/04/19,123.62,-0.06699999999997885
29/04/19,123.81,0.2739999999999867
30/04/19,123.6,0.18199999999998795
01/05/19,122.92,-0.2540000000000049
02/05/19,122.59,-0.4720000000000084
03/05/19,123.65,0.9750000000000085
06/05/19,122.98,0.7399999999999949
07/05/19,122.5,0.8150000000000119
08/05/19,121.76,0.5280000000000058
09/05/19,119.32,-1.6839999999999975
10/05/19,119.27,-1.4649999999999892
13/05/19,118.26,-1.9499999999999886
14/05/19,119.07,-0.6530000000000058
15/05/19,120.64,1.3419999999999987
16/05/19,119.9,1.0460000000000065
17/05/19,118.4,-0.26900000000000546
20/05/19,118.11,-0.487000000000009
21/05/19,118.25,-0.4609999999999843
22/05/19,117.32,-1.4390000000000214
23/05/19,117.47,-1.2000000000000028
24/05/19,118.55,0.11199999999998056
28/05/19,119.4,0.9890000000000185
29/05/19,119.55,0.9959999999999809
30/05/19,119.75,0.9990000000000236
31/05/19,117.58,-1.5690000000000026
03/06/19,118.13,-1.5109999999999957
04/06/19,119.54,-0.5949999999999847
05/06/19,120.22,-0.47400000000000375
06/06/19,121.3,-0.006999999999990791
07/06/19,122.39,0.5790000000000077
10/06/19,123.49,0.9979999999999905
11/06/19,124.99,1.8939999999999912
12/06/19,125.68,2.0010000000000048
13/06/19,124.79,0.6119999999999806
14/06/19,124.39,-0.23799999999999955
17/06/19,124.17,-0.7019999999999982
18/06/19,125.37,0.3680000000000092
19/06/19,125.21,0.31399999999999295
20/06/19,125.8,1.1430000000000007
21/06/19,124.83,0.2849999999999966
24/06/19,124.79,0.2850000000000108
25/06/19,123.93,-0.7369999999999948
26/06/19,123.29,-1.539999999999992
27/06/19,123.67,-1.3219999999999885
28/06/19,123.99,-1.0790000000000077
01/07/19,125.79,0.5170000000000101
02/07/19,127.0,1.5159999999999911
03/07/19,126.83,1.0010000000000048
05/07/19,126.57,0.394999999999996
08/07/19,126.87,0.291000000000011
09/07/19,126.9,-0.043000000000006366
10/07/19,127.38,0.15500000000000114
11/07/19,126.75,-0.7110000000000127
12/07/19,127.71,-0.049000000000020805
15/07/19,127.63,-0.4889999999999759
16/07/19,128.61,0.06400000000002137
17/07/19,129.36,0.32900000000000773
18/07/19,129.81,0.21699999999998454
19/07/19,130.17,0.001999999999981128
22/07/19,131.14,0.5479999999999734
23/07/19,131.75,0.7479999999999905
24/07/19,133.0,1.7460000000000093
25/07/19,132.5,1.2770000000000152
26/07/19,131.95,0.7459999999999809
29/07/19,131.73,0.6479999999999677
30/07/19,131.13,0.33199999999999363
31/07/19,129.05,-1.2779999999999916
01/08/19,129.62,-0.22999999999998977
02/08/19,128.95,-0.585000000000008
05/08/19,128.3,-0.9379999999999882
06/08/19,127.05,-1.838000000000008
07/08/19,128.22,-0.4970000000000141
08/08/19,129.35,0.8900000000000148
09/08/19,128.98,0.7460000000000093
12/08/19,128.23,0.012000000000000455
13/08/19,129.42,1.0679999999999836
14/08/19,126.48,-2.0700000000000074
15/08/19,127.36,-1.3559999999999803
16/08/19,128.79,0.04399999999998272
19/08/19,129.64,1.0089999999999861
20/08/19,129.03,0.14400000000000546
21/08/19,129.88,0.8899999999999864
22/08/19,129.65,0.27899999999999636
23/08/19,127.83,-1.855000000000004
26/08/19,130.78,0.9110000000000014
27/08/19,130.46,0.39799999999999613
28/08/19,130.29,-0.07899999999997931
29/08/19,130.5,0.0020000000000095497
30/08/19,130.63,-0.10800000000000409
03/09/19,131.57,0.33199999999999363
04/09/19,132.1,0.578000000000003
05/09/19,131.17,-0.8610000000000184
06/09/19,132.05,-0.5309999999999775
09/09/19,132.83,-0.3669999999999902
10/09/19,133.62,-0.10800000000000409
11/09/19,135.55,1.1970000000000027
12/09/19,135.79,0.9419999999999789
13/09/19,136.66,1.2739999999999725
16/09/19,135.94,0.10299999999998022
17/09/19,137.82,1.629000000000019
18/09/19,137.05,0.4800000000000182
19/09/19,136.55,-0.12699999999998113
20/09/19,136.56,-0.37000000000000455
23/09/19,136.37,-0.5219999999999914
24/09/19,137.41,0.6629999999999825
25/09/19,136.62,0.3259999999999934
26/09/19,138.32,2.5839999999999748
27/09/19,136.28,1.0790000000000077
30/09/19,134.49,-0.23699999999999477
01/10/19,133.29,-0.9150000000000205
02/10/19,131.47,-2.1370000000000005
03/10/19,131.2,-2.0459999999999923
04/10/19,131.82,-0.8590000000000089
07/10/19,131.15,-1.445999999999998
08/10/19,131.43,-1.2239999999999895
09/10/19,133.01,-0.0020000000000095497
10/10/19,132.65,-0.8909999999999911
11/10/19,135.45,1.4339999999999975
14/10/19,135.07,0.6589999999999918
15/10/19,136.87,1.9419999999999789
16/10/19,136.76,1.339999999999975
17/10/19,135.95,0.09899999999998954
18/10/19,135.77,-0.6310000000000002
21/10/19,136.32,-0.3640000000000043
22/10/19,136.35,-0.6610000000000014
23/10/19,137.32,0.1279999999999859
24/10/19,138.15,0.7319999999999993
25/10/19,138.28,0.6020000000000039
28/10/19,138.34,0.2560000000000002
29/10/19,138.68,0.17200000000002547
30/10/19,139.02,0.0730000000000075
31/10/19,138.55,-0.7019999999999982
01/11/19,139.83,0.10699999999999932
04/11/19,140.56,0.2259999999999991
05/11/19,140.74,-0.26600000000001955
06/11/19,140.37,-1.2220000000000084
07/11/19,142.86,0.7139999999999986
08/11/19,144.39,1.7119999999999607
11/11/19,145.06,1.9379999999999882
12/11/19,144.54,1.1140000000000043
13/11/19,144.56,0.9230000000000018
14/11/19,143.87,0.13299999999998136
15/11/19,144.27,0.6049999999999898
18/11/19,143.6,0.1209999999999809
19/11/19,142.85,-0.37700000000000955
20/11/19,141.37,-1.5999999999999943
21/11/19,142.14,-0.5400000000000205
22/11/19,142.53,0.21600000000000819
25/11/19,142.54,0.6260000000000048
26/11/19,141.97,0.3429999999999893
27/11/19,141.66,-0.020000000000010232
29/11/19,140.21,-1.6159999999999854
02/12/19,140.27,-1.6189999999999714
03/12/19,140.73,-1.0949999999999989
04/12/19,143.38,1.6910000000000025
05/12/19,142.83,1.1760000000000161
06/12/19,142.77,1.122000000000014
09/12/19,141.89,0.05299999999996885
10/12/19,141.18,-0.8830000000000098
11/12/19,141.62,-0.6469999999999914
12/12/19,141.6,-0.5679999999999836
13/12/19,142.1,-0.06100000000000705
16/12/19,142.53,0.4490000000000123
17/12/19,142.77,0.6820000000000164
18/12/19,142.39,0.28600000000000136
19/12/19,142.76,0.664999999999992
20/12/19,141.97,-0.09300000000001774
23/12/19,141.96,0.04600000000002069
24/12/19,141.34,-0.3749999999999716
26/12/19,141.53,-0.13199999999997658
27/12/19,141.28,-0.2179999999999893
30/12/19,140.61,-0.6890000000000214
31/12/19,140.54,-0.7130000000000223
02/01/20,142.24,1.0670000000000073
03/01/20,140.75,-0.339999999999975
06/01/20,140.77,-0.13999999999998636
07/01/20,141.51,0.671999999999997
08/01/20,141.16,0.3459999999999752
09/01/20,140.51,-0.18600000000000705
10/01/20,139.73,-0.752000000000038
13/01/20,140.56,0.1490000000000009
14/01/20,140.37,-0.20199999999999818
15/01/20,139.36,-1.2169999999999845
16/01/20,140.1,-0.6670000000000016
17/01/20,140.04,-0.9520000000000266
21/01/20,142.38,1.2549999999999955
22/01/20,141.56,0.2330000000000041
23/01/20,143.06,1.615000000000009
24/01/20,142.76,1.1429999999999723
27/01/20,141.06,-0.4309999999999832
28/01/20,142.58,1.2010000000000218
29/01/20,141.55,0.31399999999999295
30/01/20,141.08,-0.17199999999999704
31/01/20,138.84,-2.4909999999999854
03/02/20,138.92,-2.3689999999999998
04/02/20,140.95,-0.3610000000000184
05/02/20,141.72,0.45599999999998886
06/02/20,143.85,2.4979999999999905
07/02/20,142.34,0.9860000000000184
10/02/20,141.28,-0.2050000000000125
11/02/20,142.11,0.5790000000000077
12/02/20,142.43,1.210000000000008
13/02/20,141.1,0.14099999999999113
14/02/20,140.15,-0.32800000000000296
18/02/20,139.38,-0.3130000000000166
19/02/20,137.84,-1.1280000000000143
20/02/20,139.11,0.8400000000000034
21/02/20,139.04,1.8729999999999905
24/02/20,134.49,-1.641999999999996
25/02/20,134.03,-1.3579999999999757
26/02/20,135.13,0.5849999999999795
27/02/20,131.4,-2.5459999999999923
28/02/20,130.75,-2.204999999999984
02/03/20,132.71,0.9480000000000075
03/03/20,130.95,0.35799999999997567
04/03/20,131.85,1.961999999999989
05/03/20,129.2,0.5459999999999923
06/03/20,127.11,0.3760000000000048
09/03/20,122.79,-2.4920000000000044
10/03/20,126.99,4.1289999999999765
11/03/20,122.79,1.1350000000000051
12/03/20,112.2,-7.876999999999995
13/03/20,116.23,-2.750000000000014
16/03/20,108.5,-9.414999999999992
17/03/20,118.89,2.1439999999999912
18/03/20,116.07,0.38800000000000523
19/03/20,118.23,2.6980000000000075
20/03/20,116.46,-0.4860000000000042
23/03/20,111.1,-6.947000000000003
24/03/20,116.35,-3.3689999999999856
25/03/20,121.29,1.4650000000000034
26/03/20,126.34,6.451000000000022
27/03/20,127.24,7.39200000000001
30/03/20,125.22,5.518000000000001
31/03/20,119.95,-0.8829999999999956
01/04/20,116.71,-4.6780000000000115
02/04/20,117.82,-3.7930000000000206
03/04/20,115.0,-6.319999999999979
06/04/20,122.41,1.6880000000000166
07/04/20,121.9,1.23599999999999
08/04/20,123.54,2.5720000000000027
09/04/20,123.41,1.9300000000000068
13/04/20,121.26,-0.8990000000000151
14/04/20,124.64,1.809999999999988
15/04/20,122.99,0.3340000000000032
16/04/20,121.83,-0.7789999999999964
17/04/20,124.61,2.1869999999999976
20/04/20,121.71,-0.6280000000000143
21/04/20,120.67,-1.9620000000000175
22/04/20,121.43,-1.2870000000000061
23/04/20,121.68,-1.5239999999999867
24/04/20,122.56,-0.8200000000000216
27/04/20,124.2,1.1690000000000111
28/04/20,125.49,2.5600000000000023
29/04/20,127.86,4.800999999999988
30/04/20,123.59,0.5160000000000053
01/05/20,121.12,-1.9379999999999882
04/05/20,120.7,-2.411999999999992
05/05/20,121.96,-1.0940000000000083
06/05/20,121.58,-0.9420000000000073
07/05/20,121.52,0.007999999999981355
08/05/20,123.1,2.2519999999999953
11/05/20,123.62,3.1950000000000074
12/05/20,120.17,-0.1319999999999908
13/05/20,117.76,-2.167999999999992
14/05/20,116.95,-2.8019999999999925
15/05/20,116.89,-2.5050000000000097
18/05/20,119.47,0.6289999999999907
19/05/20,118.22,-0.6700000000000159
20/05/20,119.82,0.26599999999999113
21/05/20,117.95,-2.6639999999999873
22/05/20,117.56,-3.960000000000008
26/05/20,124.11,1.6340000000000003
27/05/20,126.81,3.6330000000000098
28/05/20,128.36,4.132000000000019
29/05/20,126.01,0.9479999999999933
01/06/20,126.45,0.0730000000000075
02/06/20,126.48,-1.347999999999999
03/06/20,128.73,0.25399999999996226
04/06/20,128.16,-0.7360000000000184
05/06/20,131.1,2.5960000000000036
08/06/20,132.07,3.384999999999991
09/06/20,130.59,1.8100000000000023
10/06/20,131.01,1.917999999999978
11/06/20,124.44,-4.667000000000002
12/06/20,127.82,-1.3830000000000098
15/06/20,127.4,-1.4720000000000084
16/06/20,129.6,1.1219999999999857
17/06/20,128.88,0.5519999999999925
18/06/20,129.12,1.1129999999999995
19/06/20,127.79,-0.5499999999999972
22/06/20,128.13,-0.04399999999998272
23/06/20,129.09,0.967000000000013
24/06/20,127.8,0.07399999999999807
25/06/20,127.77,0.5180000000000007
26/06/20,126.16,-0.8190000000000026
29/06/20,126.89,-0.007999999999995566
30/06/20,125.63,-0.9509999999999934
01/07/20,124.14,-2.0729999999999933
02/07/20,126.39,0.5740000000000123
06/07/20,126.98,1.4440000000000168
07/07/20,124.96,-0.4649999999999892
08/07/20,125.41,0.03100000000000591
09/07/20,123.83,-1.7189999999999799
10/07/20,124.97,-0.813999999999993
13/07/20,125.05,-0.8010000000000019
14/07/20,126.43,0.5490000000000066
15/07/20,127.33,1.3179999999999836
16/07/20,126.49,0.39299999999998647
17/07/20,127.06,0.7600000000000051
20/07/20,127.28,0.9560000000000031
21/07/20,126.27,-0.3059999999999974
22/07/20,126.26,-0.2189999999999941
23/07/20,125.86,-0.2850000000000108
24/07/20,125.21,-0.5320000000000107
27/07/20,127.57,2.6000000000000085
28/07/20,125.46,1.1240000000000094
29/07/20,123.99,-0.010000000000005116
30/07/20,122.46,-1.3960000000000008
31/07/20,119.34,-4.763999999999996
03/08/20,120.94,-3.638999999999996
04/08/20,122.91,-1.968999999999994
05/08/20,124.82,-0.8880000000000052
06/08/20,128.34,1.3870000000000005
07/08/20,129.96,1.688999999999993
10/08/20,130.57,0.8109999999999786
11/08/20,133.75,2.5319999999999823
12/08/20,136.44,3.905000000000001
13/08/20,135.64,2.065999999999974
14/08/20,134.22,0.07099999999999795
17/08/20,135.53,0.9939999999999998
18/08/20,136.08,1.1250000000000284
19/08/20,135.21,0.15099999999998204
20/08/20,134.09,-0.813999999999993
21/08/20,133.83,-0.8659999999999854
24/08/20,134.76,0.09399999999999409
25/08/20,134.79,0.4339999999999975
26/08/20,134.89,0.9119999999999777
27/08/20,133.56,-0.1490000000000009
28/08/20,133.92,0.6249999999999716
31/08/20,132.43,-0.7989999999999782
01/09/20,132.3,-0.5759999999999934
02/09/20,132.52,0.010000000000019327
03/09/20,129.95,-2.089000000000027
04/09/20,133.17,1.3530000000000086
08/09/20,131.23,-0.5720000000000027
09/09/20,131.13,-0.8319999999999936
10/09/20,130.18,-1.9550000000000125
11/09/20,131.34,-1.0430000000000064
14/09/20,133.77,0.9569999999999936
15/09/20,134.03,1.4120000000000061
16/09/20,134.03,1.3100000000000307
17/09/20,135.0,2.063999999999993
18/09/20,134.25,1.1469999999999914
21/09/20,131.22,-2.0460000000000207
22/09/20,132.25,-1.240000000000009
23/09/20,133.29,-0.2220000000000084
24/09/20,131.85,-1.5030000000000143
25/09/20,132.97,-0.12599999999997635
28/09/20,136.01,3.165999999999997
29/09/20,134.25,1.318000000000012
30/09/20,132.44,-0.3930000000000291
01/10/20,132.43,-0.31699999999997885
02/10/20,131.73,-1.1270000000000095
05/10/20,132.1,-0.667999999999978
06/10/20,131.26,-1.0870000000000175
07/10/20,132.43,0.24300000000002342
08/10/20,132.95,0.853999999999985
09/10/20,132.08,0.11000000000001364
12/10/20,131.8,-0.06100000000000705
13/10/20,132.65,0.9110000000000298
14/10/20,131.53,-0.21399999999997021
15/10/20,131.17,-0.6450000000000102
16/10/20,130.64,-1.2220000000000084
19/10/20,130.88,-1.1020000000000323
20/10/20,131.31,-0.7769999999999868
21/10/20,133.14,1.0719999999999743
22/10/20,133.42,1.4979999999999905
23/10/20,133.28,1.3400000000000034
26/10/20,132.85,0.8449999999999989
27/10/20,132.46,0.2189999999999941
28/10/20,130.07,-2.6270000000000095
29/10/20,131.35,-1.4490000000000123
30/10/20,131.29,-1.8740000000000236
02/11/20,133.24,-0.3159999999999741
03/11/20,135.87,1.6350000000000193
04/11/20,134.16,-0.8230000000000075
05/11/20,137.07,0.8460000000000036
06/11/20,137.2,0.1419999999999959
09/11/20,139.64,1.5490000000000066
10/11/20,139.94,0.7620000000000005
11/11/20,142.48,2.6149999999999807
12/11/20,139.69,-0.9420000000000073
13/11/20,141.62,0.6030000000000086
16/11/20,144.11,2.6000000000000227
17/11/20,142.74,0.867999999999995
18/11/20,141.83,-0.43199999999998795
19/11/20,140.92,-1.2250000000000227
20/11/20,142.13,-0.0619999999999834
23/11/20,143.26,1.7839999999999918
24/11/20,143.84,3.1610000000000014
25/11/20,141.31,1.271000000000015
27/11/20,140.16,0.6189999999999998
30/11/20,134.46,-4.816999999999979
01/12/20,136.14,-2.7390000000000043
02/12/20,136.34,-2.086999999999989
03/12/20,136.85,-1.281000000000006
04/12/20,138.28,-0.026999999999986812
07/12/20,138.15,-1.2410000000000139
08/12/20,138.74,-2.562999999999988
09/12/20,140.88,-2.093999999999994
10/12/20,143.07,-1.7789999999999964
11/12/20,151.0,4.372000000000014
14/12/20,153.58,5.40300000000002
15/12/20,152.85,3.3109999999999786
16/12/20,155.09,4.347999999999985
17/12/20,154.64,2.869999999999976
18/12/20,153.77,1.2600000000000193
21/12/20,151.77,-0.9000000000000057
22/12/20,150.77,-1.8760000000000048
23/12/20,151.16,-1.6100000000000136
24/12/20,150.47,-2.248000000000019
28/12/20,152.6,0.016999999999995907
29/12/20,153.34,0.7940000000000111
30/12/20,154.09,1.367999999999995
31/12/20,154.57,1.6580000000000155
04/01/21,153.29,0.20900000000000318
05/01/21,153.4,0.027000000000015234
06/01/21,153.53,0.24200000000001864
07/01/21,152.67,-0.34900000000001796
08/01/21,152.85,0.10600000000002296
11/01/21,153.39,1.2620000000000005
12/01/21,151.75,0.13800000000000523
13/01/21,150.65,-0.6199999999999761
14/01/21,151.34,0.2890000000000157
15/01/21,148.41,-2.169000000000011
19/01/21,148.13,-1.8359999999999843
20/01/21,149.98,0.7549999999999955
21/01/21,151.34,3.025999999999982
22/01/21,147.95,0.3709999999999809
25/01/21,146.72,0.22299999999998477
26/01/21,145.98,0.28299999999998704
27/01/21,142.64,-2.5560000000000116
28/01/21,143.3,-1.704999999999984
29/01/21,140.52,-4.152999999999992
01/02/21,140.41,-4.554000000000002
02/02/21,143.12,-2.4650000000000034
03/02/21,148.07,1.6829999999999927
04/02/21,148.02,-0.25899999999998613
05/02/21,150.86,1.016999999999996
08/02/21,152.93,1.0900000000000034
09/02/21,154.0,0.5529999999999973
10/02/21,161.56,6.771999999999991
11/02/21,158.94,3.613999999999976
12/02/21,160.49,4.61099999999999
16/02/21,156.48,0.44300000000001205
17/02/21,156.53,0.5130000000000052
18/02/21,153.45,-2.412000000000006
19/02/21,153.55,-1.0819999999999936
22/02/21,152.44,-1.0910000000000082
23/02/21,152.73,0.31399999999999295
24/02/21,152.45,0.7609999999999957
25/02/21,149.26,-1.6590000000000202
26/02/21,147.93,-2.3290000000000077
01/03/21,149.34,-0.4159999999999968
02/03/21,149.21,-0.12499999999997158
03/03/21,148.83,-0.3859999999999957
04/03/21,146.85,-2.309000000000026
05/03/21,148.52,-0.7489999999999952
08/03/21,148.23,-1.2990000000000066
09/03/21,151.54,1.6549999999999727
10/03/21,151.88,1.7059999999999889
11/03/21,150.36,-0.2949999999999875
12/03/21,150.53,-1.2109999999999843
15/03/21,152.9,0.1529999999999916
16/03/21,152.1,-1.2720000000000198
17/03/21,153.64,0.2879999999999825
18/03/21,157.71,4.479000000000013
19/03/21,158.58,5.27800000000002
22/03/21,154.48,0.893999999999977
23/03/21,151.34,-2.445999999999998
24/03/21,150.67,-3.293000000000035
25/03/21,151.07,-3.134999999999991
26/03/21,153.37,-0.47999999999998977
29/03/21,154.9,1.3700000000000045
30/03/21,153.87,0.4230000000000018
31/03/21,156.06,2.2770000000000152
01/04/21,154.16,0.10599999999999454
05/04/21,155.38,1.0049999999999955
06/04/21,153.65,-0.796999999999997
07/04/21,154.7,0.1659999999999684
08/04/21,153.38,-1.3889999999999816
09/04/21,154.28,-0.6140000000000043
12/04/21,154.09,-1.1450000000000102
13/04/21,155.77,0.43199999999998795
14/04/21,156.22,0.8370000000000175
15/04/21,157.31,1.8830000000000098
16/04/21,157.57,2.002999999999986
19/04/21,156.41,0.7719999999999914
20/04/21,154.1,-1.4830000000000325
21/04/21,155.14,-0.14699999999999136
22/04/21,154.78,-0.21100000000001273
23/04/21,154.99,0.4870000000000232
26/04/21,153.54,-0.28300000000001546
27/04/21,152.81,-0.5950000000000273
28/04/21,153.26,0.20599999999998886
29/04/21,152.43,-0.25200000000000955
30/04/21,150.77,-1.7299999999999898
03/05/21,152.23,-0.1360000000000241
04/05/21,150.59,-1.9279999999999688
05/05/21,151.42,-1.0409999999999968
06/05/21,152.96,0.4730000000000132
07/05/21,153.65,0.8830000000000098
10/05/21,155.06,1.7849999999999966
11/05/21,152.24,-1.6799999999999784
12/05/21,153.52,-1.4069999999999823
13/05/21,155.23,-0.48400000000000887
14/05/21,155.85,-0.5900000000000034
17/05/21,158.68,1.4890000000000043
18/05/21,160.66,2.6969999999999743
19/05/21,159.29,0.32699999999996976
20/05/21,160.22,0.20699999999999363
21/05/21,161.16,0.11499999999998067
24/05/21,162.78,0.7220000000000084
25/05/21,162.24,-1.184000000000026
26/05/21,164.02,-1.0010000000000048
27/05/21,165.55,-1.5090000000000146
28/05/21,165.98,-3.298000000000002
01/06/21,172.34,1.0979999999999848
02/06/21,176.63,3.704999999999984
03/06/21,179.67,4.914999999999992
04/06/21,182.41,6.038999999999987
07/06/21,180.8,2.836999999999989
08/06/21,179.61,0.18600000000000705
09/06/21,180.54,0.10499999999998977
10/06/21,180.18,-0.9759999999999991
11/06/21,181.47,-0.23900000000000432
14/06/21,180.59,-0.5809999999999889
15/06/21,182.45,1.4710000000000036
16/06/21,183.84,2.8830000000000098
17/06/21,185.2,4.525999999999982
18/06/21,177.03,-3.3930000000000007
21/06/21,178.88,-1.2059999999999889
22/06/21,179.39,-0.3439999999999941
23/06/21,177.71,-1.4519999999999698
24/06/21,177.67,-0.592000000000013
25/06/21,178.1,0.8100000000000023
28/06/21,177.07,-0.12000000000000455
29/06/21,176.73,-0.06499999999999773
30/06/21,174.84,-1.5809999999999889
01/07/21,175.48,-0.5930000000000177
02/07/21,176.03,-0.0549999999999784
06/07/21,174.93,-1.2350000000000136
07/07/21,175.65,-0.7259999999999991
08/07/21,174.23,-2.473000000000013
09/07/21,177.79,0.6779999999999688
12/07/21,178.9,1.5229999999999961
13/07/21,179.18,1.7760000000000105
14/07/21,180.0,2.276999999999987
15/07/21,178.93,0.804000000000002
16/07/21,178.13,-0.3720000000000141
19/07/21,176.3,-2.407999999999987
20/07/21,178.12,-0.6479999999999677
21/07/21,179.68,0.98599999999999
22/07/21,177.99,-0.6910000000000025
23/07/21,179.85,0.9199999999999875
26/07/21,179.5,0.3989999999999725
27/07/21,178.44,-1.218999999999994
28/07/21,179.87,-0.5720000000000027
29/07/21,181.42,0.7279999999999802
30/07/21,179.84,-1.3389999999999986
02/08/21,181.88,0.6139999999999759
03/08/21,185.95,4.576999999999998
04/08/21,182.18,0.6610000000000014
05/08/21,182.86,1.1900000000000261
06/08/21,180.72,-0.9020000000000152
09/08/21,180.57,-1.2019999999999982
10/08/21,179.9,-1.7439999999999998
11/08/21,181.38,0.51400000000001
12/08/21,180.94,0.7190000000000225
13/08/21,181.34,2.549999999999983
16/08/21,180.6,3.415999999999997
17/08/21,178.17,2.1689999999999827
18/08/21,175.73,0.6169999999999902
19/08/21,168.55,-5.799999999999983
20/08/21,164.66,-8.755000000000024
23/08/21,168.74,-3.9289999999999736
24/08/21,171.02,-0.875
25/08/21,173.75,2.248999999999967
26/08/21,171.59,0.040999999999968395
27/08/21,173.88,1.5620000000000118
30/08/21,172.86,-0.9190000000000111
31/08/21,174.23,-0.8390000000000271
01/09/21,176.21,0.242999999999995
02/09/21,176.24,-0.35899999999998045
03/09/21,179.27,2.200000000000017
07/09/21,181.64,4.111999999999966
08/09/21,180.0,1.8190000000000168
09/09/21,180.07,1.1409999999999911
10/09/21,176.3,-3.201999999999998
13/09/21,178.46,-1.5130000000000052
14/09/21,179.39,-0.3269999999999982
15/09/21,181.71,1.967000000000013
16/09/21,181.94,2.038000000000011
17/09/21,180.95,0.775999999999982
20/09/21,176.71,-4.09099999999998
21/09/21,181.9,0.29299999999997794
22/09/21,181.59,-0.5629999999999882
23/09/21,182.79,0.26300000000000523
24/09/21,182.57,0.4619999999999891
27/09/21,186.52,4.7450000000000045
28/09/21,184.85,3.5649999999999693
29/09/21,185.45,5.140999999999991
30/09/21,177.75,-1.0970000000000084
01/10/21,177.62,0.10499999999998977
04/10/21,171.81,-4.644999999999982
05/10/21,172.14,-3.1779999999999973
06/10/21,166.97,-7.575999999999993
07/10/21,169.47,-4.108000000000004
08/10/21,171.97,-1.3839999999999861
11/10/21,175.15,1.9310000000000116
12/10/21,177.13,3.237000000000023
13/10/21,175.77,1.224000000000018
14/10/21,175.51,-0.11400000000000432
15/10/21,176.27,0.1910000000000025
18/10/21,178.55,2.328000000000003
19/10/21,178.67,2.7399999999999807
20/10/21,177.75,2.2130000000000223
21/10/21,174.02,-1.3489999999999895
22/10/21,173.4,-2.0660000000000025
25/10/21,172.23,-3.2660000000000196
26/10/21,173.2,-2.4390000000000214
27/10/21,174.09,-1.6430000000000007
28/10/21,176.48,0.41499999999999204
29/10/21,176.57,-0.24099999999998545
01/11/21,179.98,2.5810000000000173
02/11/21,179.61,1.386000000000024
03/11/21,181.07,2.533999999999992
04/11/21,181.48,2.6169999999999902
05/11/21,179.28,0.16200000000000614
08/11/21,180.48,0.5789999999999793
09/11/21,176.32,-4.021999999999991
10/11/21,177.36,-3.7639999999999816
11/11/21,179.03,-2.608000000000004
12/11/21,184.4,2.444999999999993
15/11/21,184.39,1.766999999999996
16/11/21,187.43,4.346000000000004
17/11/21,186.21,2.2520000000000095
18/11/21,184.65,-0.05299999999999727
19/11/21,185.96,1.1769999999999925
22/11/21,185.09,1.0
23/11/21,185.06,1.6239999999999952
24/11/21,184.81,2.288000000000011
26/11/21,179.83,-2.3870000000000005
29/11/21,177.47,-4.527999999999992
30/11/21,177.85,-4.010999999999996
01/12/21,178.29,-3.8060000000000116
02/12/21,183.16,1.3219999999999743
03/12/21,182.46,1.025999999999982
06/12/21,184.59,2.904000000000025
07/12/21,187.44,5.88900000000001
08/12/21,182.48,0.6359999999999957
09/12/21,180.77,-1.9199999999999875
10/12/21,182.35,-0.7580000000000098
13/12/21,176.12,-7.145999999999987
14/12/21,180.78,-2.2220000000000084
15/12/21,186.75,4.210000000000008
16/12/21,187.34,4.912000000000006
17/12/21,184.04,1.311000000000007
20/12/21,181.95,-1.1340000000000146
21/12/21,182.82,-1.1269999999999811
22/12/21,181.36,-2.876999999999981
23/12/21,183.78,-0.18999999999999773
27/12/21,185.9,2.133999999999986
28/12/21,184.75,0.7589999999999861
29/12/21,183.68,-2.0349999999999966
30/12/21,184.08,-3.048000000000002
31/12/21,185.3,-3.6670000000000016
03/01/22,186.29,-4.342999999999989
04/01/22,199.19,7.111999999999995
05/01/22,196.95,3.1569999999999823
06/01/22,199.75,3.6639999999999873
07/01/22,200.44,1.625
10/01/22,200.35,-1.0039999999999907
11/01/22,201.9,-1.5720000000000027
12/01/22,206.61,2.815000000000026
13/01/22,211.37,7.1229999999999905
14/01/22,210.69,6.441000000000031
18/01/22,207.47,3.4950000000000045
19/01/22,202.42,-1.2210000000000036
20/01/22,201.47,-1.3979999999999961
21/01/22,199.77,-1.4329999999999927
24/01/22,197.7,-1.679000000000002
25/01/22,197.01,-1.1450000000000102
26/01/22,194.17,-2.8810000000000002
27/01/22,189.96,-6.814999999999998
28/01/22,193.13,-3.4509999999999934
31/01/22,198.45,2.157999999999987
01/02/22,196.43,0.1839999999999975
02/02/22,199.66,3.0829999999999984
03/02/22,199.53,2.233000000000004
04/02/22,196.88,-0.8619999999999948
07/02/22,197.24,-0.45999999999997954
08/02/22,200.32,3.5679999999999836
09/02/22,201.37,5.320999999999998
10/02/22,194.41,-0.703000000000003
11/02/22,192.71,-1.103999999999985
14/02/22,188.97,-4.052999999999997
15/02/22,189.4,-2.462999999999994
16/02/22,190.3,0.08500000000000796
17/02/22,186.54,-1.7609999999999957
18/02/22,188.97,1.5720000000000027
22/02/22,185.64,-0.7820000000000107
23/02/22,183.84,-1.8559999999999945
24/02/22,182.23,-2.4410000000000025
25/02/22,185.38,2.1299999999999955
28/02/22,182.95,1.2789999999999964
01/03/22,181.71,2.919000000000011
02/03/22,179.15,3.2889999999999873
03/03/22,176.09,2.2079999999999984
04/03/22,170.75,-1.3520000000000039
07/03/22,160.17,-9.221000000000032
08/03/22,156.34,-10.86499999999998
09/03/22,164.05,-1.5769999999999982
10/03/22,164.43,-0.47100000000000364
11/03/22,158.27,-6.195999999999998
14/03/22,161.09,-3.470999999999975
15/03/22,165.93,0.20599999999998886
16/03/22,171.89,4.517999999999972
17/03/22,171.74,3.194999999999993
18/03/22,171.7,1.570999999999998
21/03/22,171.8,-0.34499999999999886
22/03/22,172.82,-1.0010000000000048
23/03/22,175.78,0.07099999999999795
24/03/22,180.27,3.6880000000000166
25/03/22,178.43,0.9970000000000141
28/03/22,177.85,-0.45000000000001705
29/03/22,184.81,5.432000000000016
30/03/22,180.62,0.7580000000000098
31/03/22,180.25,0.31399999999999295
01/04/22,180.37,1.0120000000000005
04/04/22,182.58,3.9869999999999948
05/04/22,177.66,-0.11199999999999477
06/04/22,176.52,0.6560000000000343
07/04/22,174.49,-0.1560000000000059
08/04/22,170.78,-2.5670000000000073
11/04/22,169.64,-2.6970000000000027
12/04/22,165.73,-5.494
13/04/22,168.44,-2.562999999999988
14/04/22,167.26,-3.4579999999999984
18/04/22,170.27,0.04800000000003024
19/04/22,171.45,1.0900000000000034
20/04/22,175.45,5.371999999999986
21/04/22,173.67,3.36099999999999
22/04/22,169.53,-1.2319999999999993
25/04/22,172.16,1.024000000000001
26/04/22,166.82,-4.358000000000004
27/04/22,168.04,-3.198999999999984
28/04/22,172.97,1.7909999999999968
29/04/22,171.0,0.19499999999999318
02/05/22,170.69,-0.49200000000001864
03/05/22,172.06,1.247000000000014
04/05/22,174.85,4.073999999999984
05/05/22,169.93,0.25200000000000955
06/05/22,173.3,5.065000000000026
09/05/22,168.47,1.2019999999999982
10/05/22,166.45,0.3299999999999841
11/05/22,157.06,-7.852000000000004
12/05/22,158.54,-4.435000000000002
13/05/22,161.33,-0.24099999999998545
16/05/22,159.21,-0.8969999999999914
17/05/22,159.98,0.5849999999999795
18/05/22,155.48,-3.3300000000000125
19/05/22,155.89,-3.3170000000000357
20/05/22,158.66,-1.2460000000000093
23/05/22,161.35,0.8940000000000055
24/05/22,160.6,-0.5719999999999743
25/05/22,161.03,-1.0139999999999816
26/05/22,165.53,2.009999999999991
27/05/22,166.83,2.418000000000035
31/05/22,166.37,1.2660000000000196
01/06/22,168.7,3.1059999999999945
02/06/22,170.24,4.170999999999992
03/06/22,164.81,-1.606999999999971
06/06/22,165.58,-0.41399999999998727
07/06/22,166.25,1.3889999999999816
08/06/22,165.35,1.6099999999999852
09/06/22,164.51,1.964999999999975
10/06/22,161.3,0.3329999999999984
13/06/22,155.5,-4.381000000000029
14/06/22,155.16,-4.072000000000003
15/06/22,156.75,-1.771000000000015
16/06/22,154.46,-3.2779999999999916
17/06/22,153.95,-3.2450000000000045
21/06/22,159.09,2.3719999999999857
22/06/22,159.14,2.2609999999999957
23/06/22,157.52,0.5900000000000034
24/06/22,159.08,2.4080000000000155
27/06/22,156.53,-0.242999999999995
28/06/22,157.11,0.2650000000000432
29/06/22,155.67,-0.5490000000000066
30/06/22,154.17,-1.8499999999999943
01/07/22,155.47,-0.47400000000001796
05/07/22,154.67,-0.8830000000000098
06/07/22,152.83,-2.6129999999999995
07/07/22,157.15,1.8739999999999952
08/07/22,156.76,1.7369999999999948
11/07/22,155.17,-0.10600000000002296
12/07/22,155.43,0.02600000000001046
13/07/22,155.44,-0.5389999999999873
14/07/22,153.14,-3.3460000000000036
15/07/22,156.7,0.010999999999967258
18/07/22,156.75,-0.29300000000000637
19/07/22,160.42,2.9519999999999698
20/07/22,157.9,0.16900000000001114
21/07/22,159.18,0.988000000000028
22/07/22,160.3,1.4710000000000036
25/07/22,159.42,0.001999999999981128
26/07/22,158.06,-2.3600000000000136
27/07/22,160.05,-0.6939999999999884
28/07/22,159.51,-1.757000000000005
29/07/22,162.59,1.5749999999999886
01/08/22,166.77,6.054000000000002
02/08/22,163.66,3.265999999999991
03/08/22,163.13,3.2479999999999905
04/08/22,156.66,-3.0060000000000002
05/08/22,157.31,-2.2649999999999864
08/08/22,156.2,-3.2469999999999857
09/08/22,152.94,-5.875999999999976
10/08/22,157.89,-0.5020000000000095
11/08/22,158.6,0.4439999999999884
12/08/22,161.31,2.9069999999999823
15/08/22,160.46,2.1420000000000243
16/08/22,159.42,1.2899999999999636
17/08/22,160.77,2.5859999999999843
18/08/22,159.13,1.285000000000025
19/08/22,156.46,-1.1249999999999716
22/08/22,154.32,-2.3110000000000355
23/08/22,153.48,-2.2820000000000107
24/08/22,154.5,-0.3369999999999891
25/08/22,156.0,2.3029999999999973
26/08/22,151.77,-0.6939999999999884
29/08/22,151.77,0.396000000000015
30/08/22,150.17,-0.16599999999999682
31/08/22,149.37,0.0479999999999734
01/09/22,146.8,-1.4850000000000136
02/09/22,145.56,-1.683999999999969
06/09/22,143.94,-2.6310000000000002
07/09/22,143.34,-2.0769999999999698
08/09/22,144.13,-0.4170000000000016
09/09/22,145.59,1.9350000000000023
12/09/22,145.04,1.9909999999999854
13/09/22,140.23,-2.4080000000000155
14/09/22,141.47,-0.8470000000000084
15/09/22,140.45,-1.2909999999999968
16/09/22,140.74,-0.492999999999995
19/09/22,141.45,1.0480000000000018
20/09/22,140.73,1.2699999999999818
21/09/22,137.58,-1.4310000000000116
22/09/22,139.05,0.4970000000000141
23/09/22,137.28,-0.603999999999985
26/09/22,135.62,-1.218999999999994
27/09/22,135.74,-0.5129999999999768
28/09/22,136.89,0.7249999999999943
29/09/22,133.76,-2.4560000000000173
30/09/22,130.29,-5.638000000000005
03/10/22,135.59,-0.1950000000000216
04/10/22,139.85,4.140999999999991
05/10/22,138.09,2.4490000000000123
06/10/22,136.17,0.7179999999999893
07/10/22,135.85,0.13599999999999568
10/10/22,134.86,-1.2359999999999616
11/10/22,135.06,-1.0929999999999893
12/10/22,135.0,-0.5939999999999941
13/10/22,136.38,1.2980000000000018
14/10/22,134.11,-0.679000000000002
17/10/22,136.16,1.5800000000000125
18/10/22,134.26,-0.30800000000002115
19/10/22,132.97,-1.7990000000000066
20/10/22,133.24,-1.8220000000000027
21/10/22,133.76,-1.311000000000007
24/10/22,134.74,-0.8720000000000141
25/10/22,137.07,1.1929999999999836
26/10/22,137.93,1.9629999999999939
27/10/22,136.47,0.2609999999999957
28/10/22,139.52,3.1100000000000136
31/10/22,138.81,2.040999999999997
01/11/22,135.16,-1.8610000000000184
02/11/22,135.39,-1.674000000000035
03/11/22,135.25,-1.4739999999999895
04/11/22,137.35,0.22100000000000364
07/11/22,137.26,-0.242999999999995
08/11/22,137.5,-0.3340000000000032
09/11/22,134.53,-4.1629999999999825
10/11/22,140.52,1.1539999999999964
11/11/22,143.26,3.1259999999999764
14/11/22,142.12,1.4020000000000152
15/11/22,143.75,2.5420000000000016
16/11/22,142.12,0.1290000000000191
17/11/22,142.93,-0.27899999999999636
18/11/22,143.19,-0.7939999999999827
21/11/22,142.16,-2.149000000000001
22/11/22,145.33,0.693000000000012
23/11/22,146.71,1.679000000000002
25/11/22,148.27,2.6850000000000307
28/11/22,146.51,0.5649999999999977
29/11/22,145.4,-0.5449999999999875
30/11/22,147.69,1.8519999999999754
01/12/22,147.66,2.1689999999999827
02/12/22,146.53,1.4819999999999993
05/12/22,143.19,-1.365000000000009
06/12/22,141.09,-3.225999999999999
07/12/22,141.86,-2.3659999999999854
08/12/22,142.28,-1.641999999999996
09/12/22,143.34,0.018000000000000682
12/12/22,144.12,1.407999999999987
13/12/22,144.5,2.1459999999999866
14/12/22,144.65,2.52200000000002
15/12/22,141.66,-0.02800000000002001
16/12/22,140.43,-0.7300000000000182
19/12/22,139.61,-0.9299999999999784
20/12/22,138.83,-0.9139999999999873
21/12/22,137.46,-1.247000000000014
22/12/22,137.0,-0.9830000000000041
23/12/22,137.14,-0.33500000000000796
27/12/22,136.16,-1.1000000000000227
28/12/22,134.13,-2.887999999999977
29/12/22,137.41,0.7230000000000132
30/12/22,136.58,-0.25799999999998136
03/01/23,138.28,1.1479999999999961
04/01/23,137.19,-0.14200000000002433
05/01/23,135.52,-2.080999999999989
06/01/23,138.97,0.5459999999999638
09/01/23,139.94,1.2269999999999754
10/01/23,139.14,-0.39200000000002433
11/01/23,138.85,-1.4050000000000011
12/01/23,142.36,1.406000000000006
13/01/23,140.3,-1.7129999999999654
17/01/23,144.77,2.051000000000016
18/01/23,145.51,2.1839999999999975
19/01/23,144.18,0.15300000000002
20/01/23,146.11,1.4209999999999923
23/01/23,146.03,0.86099999999999
24/01/23,146.01,0.35300000000000864
25/01/23,146.15,0.25899999999998613
26/01/23,145.47,-0.7280000000000086
27/01/23,147.16,0.7179999999999893
30/01/23,145.18,-1.1219999999999857
31/01/23,147.11,1.0319999999999823
01/02/23,148.58,2.63900000000001
02/02/23,146.62,0.9110000000000014
03/02/23,144.71,-0.9350000000000023
06/02/23,143.79,-1.481000000000023
07/02/23,144.64,-0.49900000000002365
08/02/23,143.83,-0.8629999999999711
09/02/23,144.83,0.8980000000000246
10/02/23,143.42,-0.12000000000000455
13/02/23,143.86,0.5060000000000286
14/02/23,142.65,-0.242999999999995
15/02/23,140.97,-1.3240000000000123
16/02/23,142.7,0.893999999999977
17/02/23,142.85,1.921999999999997
21/02/23,139.18,-1.031000000000006
22/02/23,138.65,-0.7669999999999959
23/02/23,138.95,0.1449999999999818
24/02/23,136.05,-2.384999999999991
27/02/23,136.25,-1.8979999999999961
28/02/23,135.92,-1.9560000000000457
01/03/23,136.53,-1.3360000000000127
02/03/23,137.27,-0.7019999999999982
03/03/23,139.83,1.9010000000000105
06/03/23,140.13,2.008999999999986
07/03/23,139.08,0.8720000000000141
08/03/23,139.71,1.427000000000021
09/03/23,138.52,0.5320000000000107
10/03/23,137.97,0.11899999999999977
13/03/23,137.12,-0.09600000000000364
14/03/23,136.67,-0.04599999999999227
15/03/23,133.58,-2.8060000000000116
16/03/23,135.9,-0.07200000000000273
17/03/23,133.48,-2.227000000000004
20/03/23,135.13,-0.4449999999999932
21/03/23,135.78,0.22099999999997522
22/03/23,135.57,-0.1150000000000091
23/03/23,135.87,-0.4240000000000066
24/03/23,136.65,-0.015999999999991132
27/03/23,136.96,-0.5269999999999868
28/03/23,137.93,-0.27800000000002
29/03/23,139.67,0.8259999999999934
30/03/23,139.62,0.2909999999999968
31/03/23,141.69,2.061000000000007
03/04/23,142.34,2.575000000000017
04/04/23,142.14,2.3119999999999834
05/04/23,140.42,0.7409999999999854
06/04/23,138.87,-0.5649999999999977
10/04/23,138.01,-1.0589999999999975
11/04/23,137.59,-1.085000000000008
12/04/23,136.44,-1.704999999999984
13/04/23,137.23,-0.22700000000000387
14/04/23,135.96,-0.835000000000008
17/04/23,137.75,1.375
18/04/23,137.04,0.9819999999999709
19/04/23,135.26,-0.3900000000000148
20/04/23,133.8,-1.6079999999999757
21/04/23,134.67,-0.7670000000000243
24/04/23,134.84,-0.7340000000000089
25/04/23,133.51,-1.9580000000000268
26/04/23,134.02,-1.2600000000000193
27/04/23,137.52,2.209000000000003
28/04/23,137.33,1.9080000000000439
01/05/23,136.69,0.9809999999999945
02/05/23,135.16,-0.8460000000000036
03/05/23,135.57,-1.1699999999999875
04/05/23,134.91,-2.787000000000006
05/05/23,137.54,-0.671999999999997
08/05/23,137.81,-0.9959999999999809
09/05/23,140.85,1.4729999999999848
10/05/23,143.59,3.616000000000014
11/05/23,142.67,2.0509999999999877
12/05/23,143.27,1.8909999999999911
15/05/23,142.4,0.5530000000000257
16/05/23,141.13,-1.0550000000000068
17/05/23,142.02,-0.03499999999999659
18/05/23,142.51,0.8810000000000002
19/05/23,142.22,0.8979999999999961
22/05/23,141.19,0.1869999999999834
23/05/23,139.55,-0.98599999999999
24/05/23,139.33,-0.7059999999999889
25/05/23,139.6,-0.2990000000000066
26/05/23,140.08,-0.16799999999997794
30/05/23,137.73,-2.869000000000028
31/05/23,136.13,-5.1980000000000075
01/06/23,140.65,-1.254000000000019
02/06/23,146.0,3.3430000000000177
05/06/23,145.73,2.1689999999999827
06/06/23,148.48,3.9679999999999893
07/06/23,145.31,-1.2369999999999663
08/06/23,146.86,-2.6310000000000002
09/06/23,148.64,-3.603999999999985
12/06/23,149.59,-4.489000000000004
13/06/23,158.08,2.8590000000000373
14/06/23,165.57,9.546999999999997
15/06/23,168.18,10.977000000000004
16/06/23,164.35,6.4950000000000045
20/06/23,157.15,-1.2959999999999923
21/06/23,156.5,-2.704999999999984
22/06/23,157.11,-2.298000000000002
23/06/23,153.38,-5.510999999999996
26/06/23,154.55,-3.5979999999999848
27/06/23,157.18,-0.5799999999999841
28/06/23,160.11,1.875
29/06/23,160.4,1.7319999999999993
30/06/23,160.75,1.6159999999999854
03/07/23,160.47,0.6499999999999773
05/07/23,161.9,1.693000000000012
06/07/23,160.83,0.4140000000000157
07/07/23,161.77,1.3300000000000125
10/07/23,160.24,-0.07499999999998863
11/07/23,158.42,-1.7650000000000148
12/07/23,159.27,-1.1870000000000118
13/07/23,160.35,-0.3140000000000214
14/07/23,159.15,-1.7590000000000146
17/07/23,159.45,-1.5630000000000166
18/07/23,163.19,1.7480000000000189
19/07/23,163.97,1.813999999999993
20/07/23,163.28,0.48099999999999454
21/07/23,162.81,-0.4969999999999857
24/07/23,164.53,0.4229999999999734
25/07/23,165.56,0.5739999999999839
26/07/23,165.7,-0.15100000000001046
27/07/23,165.43,-1.4089999999999918
28/07/23,167.15,-0.2179999999999893
31/07/23,168.24,0.07400000000001228
01/08/23,171.84,2.788000000000011
02/08/23,173.85,4.324999999999989
03/08/23,168.57,-1.108000000000004
04/08/23,170.79,0.8889999999999816
07/08/23,173.39,3.4759999999999707
08/08/23,170.29,0.5299999999999727
09/08/23,167.23,-1.884999999999991
10/08/23,167.66,-0.29400000000001114
11/08/23,167.28,-0.044999999999987494
14/08/23,166.7,0.2669999999999959
15/08/23,165.39,0.016999999999995907
16/08/23,162.24,-2.6030000000000086
17/08/23,162.28,-2.4310000000000116
18/08/23,161.87,-2.3530000000000086
21/08/23,162.79,-1.150999999999982
22/08/23,164.99,0.9939999999999998
23/08/23,165.91,1.7139999999999986
24/08/23,162.78,-1.9969999999999857
25/08/23,164.46,-1.3019999999999925
28/08/23,167.25,0.42099999999999227
29/08/23,167.39,-0.6970000000000027
30/08/23,168.05,-1.4209999999999923
31/08/23,172.13,1.3629999999999995
01/09/23,172.54,0.33799999999999386
05/09/23,175.37,1.747000000000014
06/09/23,178.83,3.804000000000002
07/09/23,178.87,2.1850000000000023
08/09/23,177.13,-1.5480000000000018
11/09/23,178.67,-1.7150000000000034
12/09/23,181.28,-0.7469999999999857
13/09/23,183.98,-0.014000000000010004
14/09/23,187.98,2.9939999999999998
15/09/23,189.2,3.4710000000000036
18/09/23,188.96,2.234000000000009
19/09/23,195.04,7.696999999999974
20/09/23,188.75,1.4849999999999852
21/09/23,186.3,-0.8059999999999832
22/09/23,187.1,0.549999999999983
25/09/23,184.84,-0.7649999999999864
26/09/23,180.5,-4.055000000000007
27/09/23,182.39,-0.02600000000001046
28/09/23,182.42,1.9339999999999975
29/09/23,179.75,0.5900000000000034
02/10/23,178.46,0.6920000000000357
03/10/23,173.65,-3.0459999999999923
04/10/23,169.45,-6.911000000000001
05/10/23,173.04,-2.8850000000000193
06/10/23,173.18,-2.663000000000011
09/10/23,174.12,-1.5160000000000196
10/10/23,177.15,1.450000000000017
11/10/23,178.03,1.8730000000000189
12/10/23,181.6,4.789999999999992
13/10/23,177.68,0.7040000000000362
16/10/23,179.1,2.093999999999994
17/10/23,178.22,1.2450000000000045
18/10/23,175.98,-0.6920000000000073
19/10/23,174.7,-1.6870000000000118
20/10/23,173.48,-1.907999999999987
23/10/23,173.81,-1.0910000000000082
24/10/23,174.12,-0.01099999999999568
25/10/23,175.18,1.3530000000000086
26/10/23,171.61,-3.1969999999999743
27/10/23,172.81,-3.181999999999988
30/10/23,171.4,-6.203000000000003
31/10/23,175.18,-4.006999999999977
01/11/23,185.78,5.047999999999973
02/11/23,186.55,4.994000000000028
03/11/23,189.59,6.772999999999996
06/11/23,189.65,5.414000000000016
07/11/23,189.57,3.6999999999999886
08/11/23,183.42,-4.140000000000015
09/11/23,184.22,-3.673000000000002
10/11/23,187.0,-1.27800000000002
13/11/23,187.74,-0.914999999999992
14/11/23,192.08,3.6219999999999857
15/11/23,189.11,1.288000000000011
16/11/23,190.4,2.4969999999999857
17/11/23,193.36,5.049000000000007
20/11/23,187.68,-0.5919999999999845
21/11/23,183.21,-5.003999999999991
22/11/23,184.23,-3.727000000000004
24/11/23,188.3,0.27600000000001046
27/11/23,186.61,-1.6479999999999677
28/11/23,187.16,-0.49900000000002365
29/11/23,189.51,1.8199999999999932
30/11/23,189.78,1.421999999999997
01/12/23,192.74,3.781000000000006
04/12/23,187.37,-1.4869999999999948
05/12/23,187.99,-0.9140000000000157
06/12/23,189.89,1.22199999999998
07/12/23,190.24,1.9749999999999943
08/12/23,187.28,-0.34899999999998954
11/12/23,187.08,0.6630000000000109
12/12/23,184.8,-1.20799999999997
13/12/23,185.48,-0.12399999999999523
14/12/23,183.42,-1.1890000000000214
15/12/23,180.62,-3.0509999999999877
18/12/23,183.28,0.48400000000000887
19/12/23,183.95,1.8769999999999811
20/12/23,179.94,-1.7249999999999943
21/12/23,180.86,-0.367999999999995
22/12/23,178.53,-2.6939999999999884
26/12/23,179.85,-1.4490000000000123
27/12/23,180.72,-0.4060000000000059
28/12/23,181.11,0.08200000000002206
29/12/23,183.38,1.6389999999999816
02/01/24,181.37,-1.0740000000000123
03/01/24,181.55,-1.6399999999999864
04/01/24,182.97,-1.5070000000000334
05/01/24,187.07,1.1699999999999875
08/01/24,187.89,0.532999999999987
09/01/24,185.99,-2.5889999999999986
10/01/24,192.72,2.8640000000000043
11/01/24,194.95,3.2409999999999854
12/01/24,195.68,2.201000000000022
16/01/24,195.6,0.6859999999999786
17/01/24,194.14,-2.125
18/01/24,200.08,2.342000000000013
19/01/24,200.67,2.248000000000019
22/01/24,201.42,2.6869999999999834
23/01/24,201.4,2.069000000000017
24/01/24,200.72,0.7639999999999816
25/01/24,199.56,-0.9519999999999982
26/01/24,198.06,-2.662000000000006
29/01/24,201.66,0.7510000000000048
30/01/24,201.85,0.7800000000000011
31/01/24,199.7,-3.116000000000014
01/02/24,202.18,-2.869000000000028
02/02/24,202.54,-5.184000000000026
05/02/24,203.03,-7.333999999999975
06/02/24,218.86,6.075999999999993
07/02/24,223.05,7.3510000000000275
08/02/24,226.31,7.877999999999986
09/02/24,224.46,3.3919999999999675
12/02/24,225.86,2.3100000000000023
13/02/24,231.0,5.075999999999965
14/02/24,227.03,0.28299999999998704
15/02/24,228.54,0.6529999999999916
16/02/24,227.36,-1.3959999999999866
20/02/24,226.77,-3.35299999999998
21/02/24,227.09,-4.250999999999976
22/02/24,234.45,2.480000000000018
23/02/24,235.0,1.6779999999999688
26/02/24,238.13,3.0579999999999643
27/02/24,238.04,1.3199999999999648
28/02/24,237.29,-1.5720000000000027
29/02/24,240.55,-0.8429999999999609
01/03/24,246.04,3.2979999999999734
04/03/24,243.84,0.3159999999999741
05/03/24,248.19,4.932999999999993
06/03/24,252.4,9.152000000000015
07/03/24,247.94,5.138000000000005
08/03/24,242.82,0.9759999999999991
11/03/24,235.46,-5.24199999999999
12/03/24,237.95,-2.2339999999999804
13/03/24,232.83,-6.966999999999956
14/03/24,230.97,-8.258999999999986
15/03/24,234.62,-4.962999999999994
18/03/24,238.66,-2.1179999999999666
19/03/24,244.32,1.84699999999998
20/03/24,246.72,2.6699999999999875
21/03/24,251.48,5.497999999999962
22/03/24,254.77,6.717000000000041
25/03/24,252.41,3.6040000000000134
26/03/24,253.72,4.790999999999997
27/03/24,252.15,3.4749999999999943
28/03/24,251.68,3.7609999999999957
01/04/24,242.15,-4.695000000000022
02/04/24,239.89,-5.899000000000058
03/04/24,241.78,-3.4609999999999843
04/04/24,239.16,-5.188000000000017
05/04/24,240.74,-3.092000000000013
08/04/24,244.21,1.2489999999999952
09/04/24,246.93,4.016999999999996
10/04/24,244.79,2.21399999999997
11/04/24,246.99,5.195000000000022
12/04/24,242.97,1.9069999999999823
15/04/24,241.67,1.809000000000026
16/04/24,236.52,-1.9499999999999602
17/04/24,233.97,-2.8479999999999848
18/04/24,231.84,-3.787000000000006
19/04/24,228.72,-4.744
22/04/24,230.3,2.0889999999999986
23/04/24,230.41,7.302999999999969
24/04/24,232.88,14.212999999999994
25/04/24,225.36,10.448000000000036
02/01/25,190.44,-21.01599999999999
03/01/25,190.63,-17.483000000000004
06/01/25,192.12,-13.199000000000012
07/01/25,196.42,-6.328000000000003
08/01/25,197.28,-2.7260000000000275
09/01/25,195.29,-2.7179999999999893
10/01/25,202.36,3.011000000000024
13/01/25,204.7,3.4059999999999775
14/01/25,205.46,2.308000000000021
15/01/25,205.38,0.7209999999999752
16/01/25,203.85,-2.228000000000037
17/01/25,210.08,2.4550000000000125
20/01/25,210.7,2.3569999999999993
21/01/25,211.49,2.820999999999998
22/01/25,211.47,2.1730000000000302
23/01/25,210.76,0.8069999999999595
24/01/25,209.54,-0.9969999999999857
27/01/25,207.96,-2.7979999999999734
28/01/25,211.74,0.785000000000025
29/01/25,211.94,0.8160000000000309
30/01/25,209.69,-3.2670000000000243
31/01/25,212.29,-3.0109999999999957
03/02/25,212.67,-5.439999999999998
04/02/25,213.18,-7.70199999999997
05/02/25,229.8,6.3770000000000095
06/02/25,234.2,7.71599999999998
07/02/25,237.63,8.276999999999987
10/02/25,235.68,3.5589999999999975
11/02/25,237.15,2.423000000000002
12/02/25,242.55,5.329999999999984
13/02/25,238.38,0.29599999999999227
14/02/25,239.97,0.688999999999993
17/02/25,238.73,-1.4629999999999939
18/02/25,238.11,-3.518999999999977
19/02/25,238.44,-4.467999999999989
20/02/25,246.17,2.602000000000004
21/02/25,246.75,1.7620000000000289
24/02/25,250.04,3.2150000000000034
25/02/25,249.94,1.384999999999991
26/02/25,249.15,-1.6539999999999964
27/02/25,252.58,-0.8819999999999766
28/02/25,258.34,3.4609999999999843
03/03/25,256.03,0.3299999999999841
04/03/25,260.6,5.181000000000012
05/03/25,265.02,9.609999999999985
06/03/25,260.34,5.397999999999968
07/03/25,254.96,1.024000000000001
10/03/25,247.23,-5.507000000000005
11/03/25,249.85,-2.343000000000046
12/03/25,244.47,-7.316999999999979
13/03/25,242.52,-8.670999999999964
14/03/25,246.35,-5.212000000000046
17/03/25,250.59,-2.227000000000004
18/03/25,256.54,1.9429999999999836
19/03/25,259.06,2.8069999999999595
20/03/25,264.05,5.767999999999972
21/03/25,267.51,7.053999999999974
24/03/25,265.03,3.7829999999999586
25/03/25,266.41,5.034000000000049
26/03/25,264.76,3.6509999999999536
27/03/25,264.26,3.944999999999993
28/03/25,254.26,-4.927999999999997
31/03/25,251.88,-6.199000000000012
01/04/25,253.87,-3.6340000000000146
02/04/25,251.12,-5.4459999999999695
03/04/25,252.78,-3.2439999999999998
04/04/25,256.42,1.3100000000000307
07/04/25,259.28,4.221000000000004
08/04/25,257.03,2.323999999999984
09/04/25,259.34,5.454000000000008
10/04/25,255.12,2.002999999999986
11/04/25,253.75,1.8949999999999818
14/04/25,248.35,-2.0449999999999875
15/04/25,245.67,-2.990000000000009
16/04/25,243.43,-3.9790000000000134
17/04/25,240.16,-4.978000000000009
18/04/25,241.82,-1.1689999999999827
21/04/25,241.93,0.5720000000000027
22/04/25,244.52,3.938888888888897
23/04/25,236.63,-3.3149999999999977
24/04/25,233.63,-5.817142857142841
25/04/25,237.44,-1.8883333333332928
